"method","AUROC","AUPRC","TPR","FPR","MCC","dir_acc","sign_acc","runtime","status","noise_sd","n_pos","rep_id","sweep"
"idopNetwork",0.631016042780749,0.384903854424268,0.470588235294118,0.163636363636364,0.306951871657754,0.529411764705882,0.4,85.68,"ok",0.01,30,1,"noise"
"WGCNA",0.602941176470588,0.278283723278657,0.272727272727273,0.235294117647059,0.0374331550802139,NA,NA,0.519999999999996,"ok",0.01,30,1,"noise"
"GENIE3",0.560828877005348,0.257226824483765,0.318181818181818,0.220588235294118,0.0975935828877005,0.363636363636364,NA,0.179999999999993,"ok",0.01,30,1,"noise"
"idopNetwork",0.748106060606061,0.546281282729402,0.5,0.136363636363636,0.363636363636364,0.666666666666667,0.777777777777778,38.72,"ok",0.01,30,2,"noise"
"WGCNA",0.426470588235294,0.211754175203541,0.227272727272727,0.25,-0.0227272727272727,NA,NA,0.529999999999987,"ok",0.01,30,2,"noise"
"GENIE3",0.499331550802139,0.225455530280359,0.181818181818182,0.264705882352941,-0.0828877005347594,0.545454545454545,NA,0.150000000000006,"ok",0.01,30,2,"noise"
"idopNetwork",0.668560606060606,0.345355760985095,0.25,0.204545454545455,0.0454545454545455,0.75,0.5,30.01,"ok",0.01,30,3,"noise"
"WGCNA",0.600267379679144,0.328427931692265,0.318181818181818,0.220588235294118,0.0975935828877005,NA,NA,0.360000000000014,"ok",0.01,30,3,"noise"
"GENIE3",0.600267379679144,0.297756295774581,0.363636363636364,0.205882352941176,0.157754010695187,0.5,NA,0.159999999999997,"ok",0.01,30,3,"noise"
"idopNetwork",0.587165775401069,0.398153270975355,0.352941176470588,0.2,0.152941176470588,0.470588235294118,0.666666666666667,53.39,"ok",0.01,30,4,"noise"
"WGCNA",0.433155080213904,0.23530378930054,0.318181818181818,0.220588235294118,0.0975935828877005,NA,NA,0.370000000000005,"ok",0.01,30,4,"noise"
"GENIE3",0.547459893048128,0.290968488351888,0.227272727272727,0.25,-0.0227272727272727,0.5,NA,0.169999999999987,"ok",0.01,30,4,"noise"
"idopNetwork",0.554924242424242,0.30848275004102,0.25,0.204545454545455,0.0454545454545455,0.416666666666667,0,27.05,"ok",0.01,30,5,"noise"
"WGCNA",0.371657754010695,0.190251241463917,0.181818181818182,0.264705882352941,-0.0828877005347594,NA,NA,0.360000000000014,"ok",0.01,30,5,"noise"
"GENIE3",0.463235294117647,0.217950373183865,0.181818181818182,0.264705882352941,-0.0828877005347594,0.363636363636364,NA,0.169999999999987,"ok",0.01,30,5,"noise"
"idopNetwork",0.580748663101604,0.368457896301111,0.352941176470588,0.2,0.152941176470588,0.352941176470588,0.571428571428571,63.97,"ok",0.01,30,6,"noise"
"WGCNA",0.474598930481283,0.255919650730385,0.227272727272727,0.25,-0.0227272727272727,NA,NA,0.360000000000014,"ok",0.01,30,6,"noise"
"GENIE3",0.572860962566845,0.285967067808214,0.318181818181818,0.220588235294118,0.0975935828877005,0.681818181818182,NA,0.139999999999986,"ok",0.01,30,6,"noise"
"idopNetwork",0.696969696969697,0.536571117823955,0.5,0.136363636363636,0.363636363636364,0.583333333333333,0.625,32.64,"ok",0.01,30,7,"noise"
"WGCNA",0.409090909090909,0.195545452643053,0.181818181818182,0.264705882352941,-0.0828877005347594,NA,NA,0.360000000000014,"ok",0.01,30,7,"noise"
"GENIE3",0.593582887700535,0.317322760020241,0.363636363636364,0.205882352941176,0.157754010695187,0.545454545454545,NA,0.139999999999986,"ok",0.01,30,7,"noise"
"idopNetwork",0.784090909090909,0.572083301608772,0.416666666666667,0.159090909090909,0.257575757575758,0.75,0.7,37.47,"ok",0.01,30,8,"noise"
"WGCNA",0.391711229946524,0.195842231277171,0.181818181818182,0.264705882352941,-0.0828877005347594,NA,NA,0.389999999999986,"ok",0.01,30,8,"noise"
"GENIE3",0.554144385026738,0.265222498705812,0.272727272727273,0.235294117647059,0.0374331550802139,0.590909090909091,NA,0.170000000000016,"ok",0.01,30,8,"noise"
"idopNetwork",0.775568181818182,0.453092607359607,0.5,0.136363636363636,0.363636363636364,0.666666666666667,0.666666666666667,31.41,"ok",0.01,30,9,"noise"
"WGCNA",0.371657754010695,0.18302427777058,0.0909090909090909,0.294117647058824,-0.203208556149733,NA,NA,0.360000000000014,"ok",0.01,30,9,"noise"
"GENIE3",0.532754010695187,0.257314581212251,0.227272727272727,0.25,-0.0227272727272727,0.636363636363636,NA,0.150000000000034,"ok",0.01,30,9,"noise"
"idopNetwork",0.638257575757576,0.319057787603871,0.416666666666667,0.159090909090909,0.257575757575758,0.583333333333333,0.428571428571429,28.54,"ok",0.01,30,10,"noise"
"WGCNA",0.50668449197861,0.25095655861517,0.272727272727273,0.235294117647059,0.0374331550802139,NA,NA,0.46999999999997,"ok",0.01,30,10,"noise"
"GENIE3",0.523395721925134,0.241849195569146,0.227272727272727,0.25,-0.0227272727272727,0.454545454545455,NA,0.160000000000025,"ok",0.01,30,10,"noise"
"idopNetwork",0.774621212121212,0.423345132637556,0.416666666666667,0.159090909090909,0.257575757575758,0.75,0.636363636363636,36.14,"ok",0.01,30,11,"noise"
"WGCNA",0.495989304812834,0.231212465071157,0.181818181818182,0.264705882352941,-0.0828877005347594,NA,NA,0.370000000000005,"ok",0.01,30,11,"noise"
"GENIE3",0.605614973262032,0.359779455427015,0.318181818181818,0.220588235294118,0.0975935828877005,0.590909090909091,NA,0.170000000000016,"ok",0.01,30,11,"noise"
"idopNetwork",0.588068181818182,0.346223068834182,0.25,0.204545454545455,0.0454545454545455,0.333333333333333,0.4,22.44,"ok",0.01,30,12,"noise"
"WGCNA",0.470588235294118,0.220676125362239,0.227272727272727,0.25,-0.0227272727272727,NA,NA,0.379999999999995,"ok",0.01,30,12,"noise"
"GENIE3",0.446524064171123,0.227940631208778,0.181818181818182,0.264705882352941,-0.0828877005347594,0.318181818181818,NA,0.149999999999977,"ok",0.01,30,12,"noise"
"idopNetwork",0.648674242424243,0.335660668200713,0.5,0.136363636363636,0.363636363636364,0.583333333333333,0.571428571428571,40.8699999999999,"ok",0.01,30,13,"noise"
"WGCNA",0.479946524064171,0.247679125083803,0.227272727272727,0.25,-0.0227272727272727,NA,NA,0.379999999999995,"ok",0.01,30,13,"noise"
"GENIE3",0.446524064171123,0.202899065080745,0.181818181818182,0.264705882352941,-0.0828877005347594,0.454545454545455,NA,0.170000000000073,"ok",0.01,30,13,"noise"
"idopNetwork",0.589015151515151,0.265068526806966,0.333333333333333,0.181818181818182,0.151515151515152,0.5,0.5,25.61,"ok",0.01,30,14,"noise"
"WGCNA",0.5,0.236645110371915,0.272727272727273,0.235294117647059,0.0374331550802139,NA,NA,0.3599999999999,"ok",0.01,30,14,"noise"
"GENIE3",0.582887700534759,0.291775395609045,0.272727272727273,0.235294117647059,0.0374331550802139,0.5,NA,0.150000000000091,"ok",0.01,30,14,"noise"
"idopNetwork",0.789772727272727,0.478533435957764,0.5,0.136363636363636,0.363636363636364,0.833333333333333,0.363636363636364,48.3,"ok",0.01,30,15,"noise"
"WGCNA",0.620320855614973,0.334937294881813,0.363636363636364,0.205882352941176,0.157754010695187,NA,NA,0.360000000000014,"ok",0.01,30,15,"noise"
"GENIE3",0.431149732620321,0.212099972120093,0.136363636363636,0.279411764705882,-0.143048128342246,0.363636363636364,NA,0.149999999999977,"ok",0.01,30,15,"noise"
"idopNetwork",0.663636363636364,0.397754615659921,0.470588235294118,0.163636363636364,0.306951871657754,0.529411764705882,0.4,103.73,"ok",0.01,30,16,"noise"
"WGCNA",0.586898395721925,0.266510789397381,0.272727272727273,0.235294117647059,0.0374331550802139,NA,NA,0.360000000000014,"ok",0.01,30,16,"noise"
"GENIE3",0.606283422459893,0.318731651233539,0.363636363636364,0.205882352941176,0.157754010695187,0.681818181818182,NA,0.159999999999968,"ok",0.01,30,16,"noise"
"idopNetwork",0.665719696969697,0.396578085395799,0.416666666666667,0.159090909090909,0.257575757575758,0.5,0.666666666666667,51.9899999999999,"ok",0.01,30,17,"noise"
"WGCNA",0.381016042780749,0.189652983262223,0.181818181818182,0.264705882352941,-0.0828877005347594,NA,NA,0.360000000000014,"ok",0.01,30,17,"noise"
"GENIE3",0.477941176470588,0.216059171583125,0.181818181818182,0.264705882352941,-0.0828877005347594,0.454545454545455,NA,0.150000000000091,"ok",0.01,30,17,"noise"
"idopNetwork",0.727272727272727,0.487512769182908,0.416666666666667,0.159090909090909,0.257575757575758,0.583333333333333,0.5,20.17,"ok",0.01,30,18,"noise"
"WGCNA",0.385026737967914,0.190761872306004,0.227272727272727,0.25,-0.0227272727272727,NA,NA,0.379999999999995,"ok",0.01,30,18,"noise"
"GENIE3",0.546122994652406,0.251871337748363,0.227272727272727,0.25,-0.0227272727272727,0.545454545454545,NA,0.149999999999977,"ok",0.01,30,18,"noise"
"idopNetwork",0.577651515151515,0.313351555292732,0.25,0.204545454545455,0.0454545454545455,0.416666666666667,0.333333333333333,28.36,"ok",0.01,30,19,"noise"
"WGCNA",0.467914438502674,0.217415081825883,0.272727272727273,0.235294117647059,0.0374331550802139,NA,NA,0.370000000000005,"ok",0.01,30,19,"noise"
"GENIE3",0.501336898395722,0.338552274933961,0.227272727272727,0.25,-0.0227272727272727,0.454545454545455,NA,0.139999999999986,"ok",0.01,30,19,"noise"
"idopNetwork",0.65719696969697,0.284755685896722,0.333333333333333,0.181818181818182,0.151515151515152,0.75,0.444444444444444,44.53,"ok",0.01,30,20,"noise"
"WGCNA",0.61096256684492,0.296273511223643,0.363636363636364,0.205882352941176,0.157754010695187,NA,NA,0.370000000000005,"ok",0.01,30,20,"noise"
"GENIE3",0.447192513368984,0.250094394231781,0.136363636363636,0.279411764705882,-0.143048128342246,0.454545454545455,NA,0.159999999999968,"ok",0.01,30,20,"noise"
"idopNetwork",0.839015151515151,0.645064787582465,0.5,0.136363636363636,0.363636363636364,0.75,0.416666666666667,74.09,"ok",0.05,30,1,"noise"
"WGCNA",0.502673796791444,0.258279275845206,0.272727272727273,0.235294117647059,0.0374331550802139,NA,NA,0.379999999999995,"ok",0.05,30,1,"noise"
"GENIE3",0.622326203208556,0.279074751351256,0.272727272727273,0.235294117647059,0.0374331550802139,0.636363636363636,NA,0.149999999999977,"ok",0.05,30,1,"noise"
"idopNetwork",0.617647058823529,0.399634068950587,0.352941176470588,0.2,0.152941176470588,0.470588235294118,0.6,63.7900000000001,"ok",0.05,30,2,"noise"
"WGCNA",0.486631016042781,0.238871423344139,0.272727272727273,0.235294117647059,0.0374331550802139,NA,NA,0.360000000000014,"ok",0.05,30,2,"noise"
"GENIE3",0.595588235294118,0.35824286205159,0.363636363636364,0.205882352941176,0.157754010695187,0.454545454545455,NA,0.159999999999968,"ok",0.05,30,2,"noise"
"idopNetwork",0.710227272727273,0.535345775914479,0.583333333333333,0.113636363636364,0.46969696969697,0.583333333333333,0.375,45.0899999999999,"ok",0.05,30,3,"noise"
"WGCNA",0.43048128342246,0.247071268131419,0.181818181818182,0.264705882352941,-0.0828877005347594,NA,NA,0.360000000000127,"ok",0.05,30,3,"noise"
"GENIE3",0.601604278074866,0.32008941136845,0.272727272727273,0.235294117647059,0.0374331550802139,0.636363636363636,NA,0.149999999999864,"ok",0.05,30,3,"noise"
"idopNetwork",0.607007575757576,0.307799021886549,0.25,0.204545454545455,0.0454545454545455,0.5,0.571428571428571,35.2800000000002,"ok",0.05,30,4,"noise"
"WGCNA",0.426470588235294,0.234084778521112,0.181818181818182,0.264705882352941,-0.0828877005347594,NA,NA,0.389999999999873,"ok",0.05,30,4,"noise"
"GENIE3",0.728609625668449,0.429081338276412,0.454545454545455,0.176470588235294,0.27807486631016,0.681818181818182,NA,0.1400000000001,"ok",0.05,30,4,"noise"
"idopNetwork",0.819128787878788,0.610360253302091,0.5,0.136363636363636,0.363636363636364,0.75,0.454545454545455,46.8599999999999,"ok",0.05,30,5,"noise"
"WGCNA",0.489304812834225,0.243696649386697,0.227272727272727,0.25,-0.0227272727272727,NA,NA,0.360000000000127,"ok",0.05,30,5,"noise"
"GENIE3",0.6524064171123,0.352163831448981,0.363636363636364,0.205882352941176,0.157754010695187,0.545454545454545,NA,0.159999999999854,"ok",0.05,30,5,"noise"
"idopNetwork",0.683712121212121,0.374657643406422,0.333333333333333,0.181818181818182,0.151515151515152,0.666666666666667,0.666666666666667,46.7900000000002,"ok",0.05,30,6,"noise"
"WGCNA",0.454545454545455,0.222207749803786,0.272727272727273,0.235294117647059,0.0374331550802139,NA,NA,0.369999999999891,"ok",0.05,30,6,"noise"
"GENIE3",0.678475935828877,0.338380765143172,0.318181818181818,0.220588235294118,0.0975935828877005,0.636363636363636,NA,0.160000000000082,"ok",0.05,30,6,"noise"
"idopNetwork",0.679924242424242,0.433644008064444,0.333333333333333,0.181818181818182,0.151515151515152,0.583333333333333,0.625,27.9099999999999,"ok",0.05,30,7,"noise"
"WGCNA",0.470588235294118,0.260542278940753,0.181818181818182,0.264705882352941,-0.0828877005347594,NA,NA,0.3900000000001,"ok",0.05,30,7,"noise"
"GENIE3",0.637032085561497,0.294341007080341,0.181818181818182,0.264705882352941,-0.0828877005347594,0.681818181818182,NA,0.160000000000082,"ok",0.05,30,7,"noise"
"idopNetwork",0.638257575757576,0.423738131727113,0.333333333333333,0.181818181818182,0.151515151515152,0.5,0.5,46.3,"ok",0.05,30,8,"noise"
"WGCNA",0.53475935828877,0.364036470657899,0.318181818181818,0.220588235294118,0.0975935828877005,NA,NA,0.339999999999918,"ok",0.05,30,8,"noise"
"GENIE3",0.622326203208556,0.381724984438256,0.318181818181818,0.220588235294118,0.0975935828877005,0.636363636363636,NA,0.160000000000082,"ok",0.05,30,8,"noise"
"idopNetwork",0.833333333333333,0.594000575648565,0.5,0.136363636363636,0.363636363636364,0.75,0.545454545454545,52.3199999999999,"ok",0.05,30,9,"noise"
"WGCNA",0.42379679144385,0.287795149330494,0.181818181818182,0.264705882352941,-0.0828877005347594,NA,NA,0.339999999999918,"ok",0.05,30,9,"noise"
"GENIE3",0.675802139037433,0.314646900151688,0.272727272727273,0.235294117647059,0.0374331550802139,0.772727272727273,NA,0.160000000000082,"ok",0.05,30,9,"noise"
"idopNetwork",0.785984848484849,0.51967559962573,0.5,0.136363636363636,0.363636363636364,0.666666666666667,0.6,54.6400000000001,"ok",0.05,30,10,"noise"
"WGCNA",0.42379679144385,0.205707717274093,0.181818181818182,0.264705882352941,-0.0828877005347594,NA,NA,0.349999999999909,"ok",0.05,30,10,"noise"
"GENIE3",0.611631016042781,0.366528847585228,0.181818181818182,0.264705882352941,-0.0828877005347594,0.590909090909091,NA,0.1400000000001,"ok",0.05,30,10,"noise"
"idopNetwork",0.696791443850267,0.387120781600744,0.470588235294118,0.163636363636364,0.306951871657754,0.647058823529412,0.666666666666667,120.75,"ok",0.05,30,11,"noise"
"WGCNA",0.481283422459893,0.287627365404411,0.272727272727273,0.235294117647059,0.0374331550802139,NA,NA,0.349999999999909,"ok",0.05,30,11,"noise"
"GENIE3",0.650401069518717,0.293480456910843,0.272727272727273,0.235294117647059,0.0374331550802139,0.636363636363636,NA,0.1400000000001,"ok",0.05,30,11,"noise"
"idopNetwork",0.751893939393939,0.509290607541932,0.333333333333333,0.181818181818182,0.151515151515152,0.666666666666667,0.5,40.1199999999999,"ok",0.05,30,12,"noise"
"WGCNA",0.442513368983957,0.304972309162825,0.227272727272727,0.25,-0.0227272727272727,NA,NA,0.350000000000136,"ok",0.05,30,12,"noise"
"GENIE3",0.647058823529412,0.352355171517394,0.363636363636364,0.205882352941176,0.157754010695187,0.590909090909091,NA,0.139999999999873,"ok",0.05,30,12,"noise"
"idopNetwork",0.580748663101604,0.267933663462824,0.235294117647059,0.236363636363636,-0.00106951871657754,0.529411764705882,0.454545454545455,134.93,"ok",0.05,30,13,"noise"
"WGCNA",0.406417112299465,0.200620722685886,0.181818181818182,0.264705882352941,-0.0828877005347594,NA,NA,0.339999999999918,"ok",0.05,30,13,"noise"
"GENIE3",0.582887700534759,0.271945024161272,0.272727272727273,0.235294117647059,0.0374331550802139,0.545454545454545,NA,0.1400000000001,"ok",0.05,30,13,"noise"
"idopNetwork",0.614973262032086,0.345644323826144,0.294117647058824,0.218181818181818,0.0759358288770054,0.470588235294118,0.5,109.73,"ok",0.05,30,14,"noise"
"WGCNA",0.409090909090909,0.208385546082314,0.227272727272727,0.25,-0.0227272727272727,NA,NA,0.329999999999927,"ok",0.05,30,14,"noise"
"GENIE3",0.564171122994652,0.318131078212833,0.318181818181818,0.220588235294118,0.0975935828877005,0.545454545454545,NA,0.150000000000091,"ok",0.05,30,14,"noise"
"idopNetwork",0.836174242424242,0.527463607505075,0.583333333333333,0.113636363636364,0.46969696969697,0.833333333333333,0.454545454545455,38.52,"ok",0.05,30,15,"noise"
"WGCNA",0.502673796791444,0.336634484104404,0.181818181818182,0.264705882352941,-0.0828877005347594,NA,NA,0.349999999999909,"ok",0.05,30,15,"noise"
"GENIE3",0.59024064171123,0.263743379045046,0.272727272727273,0.235294117647059,0.0374331550802139,0.636363636363636,NA,0.150000000000091,"ok",0.05,30,15,"noise"
"idopNetwork",0.742245989304813,0.517936205687488,0.588235294117647,0.127272727272727,0.46096256684492,0.647058823529412,0.615384615384615,119.69,"ok",0.05,30,16,"noise"
"WGCNA",0.606951871657754,0.321229096181344,0.363636363636364,0.205882352941176,0.157754010695187,NA,NA,0.339999999999918,"ok",0.05,30,16,"noise"
"GENIE3",0.687834224598931,0.399505042763478,0.363636363636364,0.205882352941176,0.157754010695187,0.681818181818182,NA,0.1400000000001,"ok",0.05,30,16,"noise"
"idopNetwork",0.761363636363636,0.372953340148662,0.333333333333333,0.181818181818182,0.151515151515152,0.75,0.4,36.3599999999999,"ok",0.05,30,17,"noise"
"WGCNA",0.481283422459893,0.251816599725637,0.227272727272727,0.25,-0.0227272727272727,NA,NA,0.340000000000146,"ok",0.05,30,17,"noise"
"GENIE3",0.68048128342246,0.377442444103839,0.318181818181818,0.220588235294118,0.0975935828877005,0.727272727272727,NA,0.139999999999873,"ok",0.05,30,17,"noise"
"idopNetwork",0.681818181818182,0.410515647912125,0.411764705882353,0.181818181818182,0.229946524064171,0.588235294117647,0.416666666666667,134.73,"ok",0.05,30,18,"noise"
"WGCNA",0.483957219251337,0.239139705398474,0.272727272727273,0.235294117647059,0.0374331550802139,NA,NA,0.360000000000127,"ok",0.05,30,18,"noise"
"GENIE3",0.683155080213904,0.335990181958527,0.363636363636364,0.205882352941176,0.157754010695187,0.636363636363636,NA,0.139999999999873,"ok",0.05,30,18,"noise"
"idopNetwork",0.79572192513369,0.531919589036328,0.529411764705882,0.145454545454545,0.383957219251337,0.764705882352941,0.6,142.15,"ok",0.05,30,19,"noise"
"WGCNA",0.402406417112299,0.220720700626051,0.227272727272727,0.25,-0.0227272727272727,NA,NA,0.349999999999909,"ok",0.05,30,19,"noise"
"GENIE3",0.687165775401069,0.354595061879053,0.363636363636364,0.205882352941176,0.157754010695187,0.681818181818182,NA,0.139999999999873,"ok",0.05,30,19,"noise"
"idopNetwork",0.732954545454545,0.40400513050778,0.333333333333333,0.181818181818182,0.151515151515152,0.666666666666667,0.5,43.29,"ok",0.05,30,20,"noise"
"WGCNA",0.445187165775401,0.236072651752344,0.227272727272727,0.25,-0.0227272727272727,NA,NA,0.340000000000146,"ok",0.05,30,20,"noise"
"GENIE3",0.588903743315508,0.290912542183167,0.318181818181818,0.220588235294118,0.0975935828877005,0.636363636363636,NA,0.139999999999873,"ok",0.05,30,20,"noise"
"idopNetwork",0.66951871657754,0.379575965980554,0.411764705882353,0.181818181818182,0.229946524064171,0.529411764705882,0.6,75.04,"ok",0.1,30,1,"noise"
"WGCNA",0.490641711229947,0.251515293620905,0.272727272727273,0.235294117647059,0.0374331550802139,NA,NA,0.349999999999909,"ok",0.1,30,1,"noise"
"GENIE3",0.641042780748663,0.375641040417313,0.227272727272727,0.25,-0.0227272727272727,0.636363636363636,NA,0.150000000000091,"ok",0.1,30,1,"noise"
"idopNetwork",0.790719696969697,0.48707354016739,0.416666666666667,0.159090909090909,0.257575757575758,0.583333333333333,0.545454545454545,55.3499999999999,"ok",0.1,30,2,"noise"
"WGCNA",0.402406417112299,0.206534633608909,0.227272727272727,0.25,-0.0227272727272727,NA,NA,0.360000000000127,"ok",0.1,30,2,"noise"
"GENIE3",0.607620320855615,0.380916410447638,0.363636363636364,0.205882352941176,0.157754010695187,0.590909090909091,NA,0.139999999999873,"ok",0.1,30,2,"noise"
"idopNetwork",0.562566844919786,0.268226432285463,0.294117647058824,0.218181818181818,0.0759358288770054,0.411764705882353,0.666666666666667,81.1700000000001,"ok",0.1,30,3,"noise"
"WGCNA",0.463903743315508,0.238021064899457,0.227272727272727,0.25,-0.0227272727272727,NA,NA,0.329999999999927,"ok",0.1,30,3,"noise"
"GENIE3",0.656417112299465,0.424160955820268,0.363636363636364,0.205882352941176,0.157754010695187,0.681818181818182,NA,0.139999999999873,"ok",0.1,30,3,"noise"
"idopNetwork",0.698863636363636,0.361087572364738,0.333333333333333,0.181818181818182,0.151515151515152,0.666666666666667,0.3,74.6100000000001,"ok",0.1,30,4,"noise"
"WGCNA",0.497326203208556,0.328485704198161,0.227272727272727,0.25,-0.0227272727272727,NA,NA,0.360000000000127,"ok",0.1,30,4,"noise"
"GENIE3",0.713903743315508,0.394357455698669,0.409090909090909,0.191176470588235,0.217914438502674,0.727272727272727,NA,0.149999999999636,"ok",0.1,30,4,"noise"
"idopNetwork",0.770833333333333,0.542165830460986,0.5,0.136363636363636,0.363636363636364,0.666666666666667,0.333333333333333,47.6900000000001,"ok",0.1,30,5,"noise"
"WGCNA",0.441176470588235,0.236866349465319,0.227272727272727,0.25,-0.0227272727272727,NA,NA,0.320000000000164,"ok",0.1,30,5,"noise"
"GENIE3",0.649064171122995,0.315165769280018,0.272727272727273,0.235294117647059,0.0374331550802139,0.590909090909091,NA,0.139999999999873,"ok",0.1,30,5,"noise"
"idopNetwork",0.708333333333333,0.489325564266951,0.416666666666667,0.159090909090909,0.257575757575758,0.583333333333333,0.444444444444444,59.9400000000001,"ok",0.1,30,6,"noise"
"WGCNA",0.386363636363636,0.195031667662363,0.181818181818182,0.264705882352941,-0.0828877005347594,NA,NA,0.329999999999927,"ok",0.1,30,6,"noise"
"GENIE3",0.643048128342246,0.358803885485967,0.318181818181818,0.220588235294118,0.0975935828877005,0.681818181818182,NA,0.150000000000091,"ok",0.1,30,6,"noise"
"idopNetwork",0.797348484848485,0.395060311630174,0.416666666666667,0.159090909090909,0.257575757575758,0.833333333333333,0.363636363636364,50.04,"ok",0.1,30,7,"noise"
"WGCNA",0.434491978609626,0.217857362349315,0.272727272727273,0.235294117647059,0.0374331550802139,NA,NA,0.329999999999927,"ok",0.1,30,7,"noise"
"GENIE3",0.601604278074866,0.293490410501916,0.227272727272727,0.25,-0.0227272727272727,0.636363636363636,NA,0.160000000000309,"ok",0.1,30,7,"noise"
"idopNetwork",0.70427807486631,0.496085873039941,0.411764705882353,0.181818181818182,0.229946524064171,0.588235294117647,0.666666666666667,70.5,"ok",0.1,30,8,"noise"
"WGCNA",0.381016042780749,0.19985364378763,0.181818181818182,0.264705882352941,-0.0828877005347594,NA,NA,0.329999999999927,"ok",0.1,30,8,"noise"
"GENIE3",0.637700534759358,0.357310465038171,0.272727272727273,0.235294117647059,0.0374331550802139,0.681818181818182,NA,0.160000000000309,"ok",0.1,30,8,"noise"
"idopNetwork",0.784090909090909,0.567803623101846,0.5,0.136363636363636,0.363636363636364,0.666666666666667,0.5,40.96,"ok",0.1,30,9,"noise"
"WGCNA",0.397058823529412,0.213536135313805,0.181818181818182,0.264705882352941,-0.0828877005347594,NA,NA,0.360000000000127,"ok",0.1,30,9,"noise"
"GENIE3",0.540775401069519,0.340783856934756,0.272727272727273,0.235294117647059,0.0374331550802139,0.590909090909091,NA,0.150000000000091,"ok",0.1,30,9,"noise"
"idopNetwork",0.678977272727273,0.43644450121371,0.333333333333333,0.181818181818182,0.151515151515152,0.583333333333333,0.666666666666667,54.5099999999998,"ok",0.1,30,10,"noise"
"WGCNA",0.445187165775401,0.217274229209177,0.227272727272727,0.25,-0.0227272727272727,NA,NA,0.329999999999927,"ok",0.1,30,10,"noise"
"GENIE3",0.691844919786096,0.419294791748291,0.318181818181818,0.220588235294118,0.0975935828877005,0.818181818181818,NA,0.160000000000309,"ok",0.1,30,10,"noise"
"idopNetwork",0.823863636363636,0.628847867022017,0.583333333333333,0.113636363636364,0.46969696969697,0.75,0.6,34.7199999999998,"ok",0.1,30,11,"noise"
"WGCNA",0.467914438502674,0.226467106495873,0.227272727272727,0.25,-0.0227272727272727,NA,NA,0.329999999999927,"ok",0.1,30,11,"noise"
"GENIE3",0.63903743315508,0.326375152650485,0.318181818181818,0.220588235294118,0.0975935828877005,0.590909090909091,NA,0.140000000000327,"ok",0.1,30,11,"noise"
"idopNetwork",0.74905303030303,0.410343561718831,0.416666666666667,0.159090909090909,0.257575757575758,0.75,0.545454545454545,65.4200000000001,"ok",0.1,30,12,"noise"
"WGCNA",0.379679144385027,0.194693396511062,0.181818181818182,0.264705882352941,-0.0828877005347594,NA,NA,0.329999999999927,"ok",0.1,30,12,"noise"
"GENIE3",0.627673796791444,0.333483114202962,0.363636363636364,0.205882352941176,0.157754010695187,0.636363636363636,NA,0.159999999999854,"ok",0.1,30,12,"noise"
"idopNetwork",0.629946524064171,0.329493367738142,0.470588235294118,0.163636363636364,0.306951871657754,0.411764705882353,0.666666666666667,59.0100000000002,"ok",0.1,30,13,"noise"
"WGCNA",0.409090909090909,0.219355643049434,0.181818181818182,0.264705882352941,-0.0828877005347594,NA,NA,0.329999999999927,"ok",0.1,30,13,"noise"
"GENIE3",0.681818181818182,0.421491488991942,0.363636363636364,0.205882352941176,0.157754010695187,0.727272727272727,NA,0.159999999999854,"ok",0.1,30,13,"noise"
"idopNetwork",0.664772727272727,0.487913556187243,0.333333333333333,0.181818181818182,0.151515151515152,0.5,0.5,66.9400000000001,"ok",0.1,30,14,"noise"
"WGCNA",0.399732620320856,0.238865185304949,0.227272727272727,0.25,-0.0227272727272727,NA,NA,0.349999999999909,"ok",0.1,30,14,"noise"
"GENIE3",0.623663101604278,0.34806971921413,0.227272727272727,0.25,-0.0227272727272727,0.590909090909091,NA,0.170000000000073,"ok",0.1,30,14,"noise"
"idopNetwork",0.710227272727273,0.446126728819309,0.416666666666667,0.159090909090909,0.257575757575758,0.666666666666667,0.7,72.7400000000002,"ok",0.1,30,15,"noise"
"WGCNA",0.533422459893048,0.359861713425879,0.318181818181818,0.220588235294118,0.0975935828877005,NA,NA,0.369999999999891,"ok",0.1,30,15,"noise"
"GENIE3",0.66644385026738,0.360354533837176,0.409090909090909,0.191176470588235,0.217914438502674,0.636363636363636,NA,0.159999999999854,"ok",0.1,30,15,"noise"
"idopNetwork",0.700757575757576,0.407114453484735,0.5,0.136363636363636,0.363636363636364,0.5,0.25,26.79,"ok",0.1,30,16,"noise"
"WGCNA",0.52807486631016,0.279372470894585,0.272727272727273,0.235294117647059,0.0374331550802139,NA,NA,0.320000000000164,"ok",0.1,30,16,"noise"
"GENIE3",0.695855614973262,0.433818687823132,0.409090909090909,0.191176470588235,0.217914438502674,0.772727272727273,NA,0.159999999999854,"ok",0.1,30,16,"noise"
"idopNetwork",0.678030303030303,0.406413986053328,0.416666666666667,0.159090909090909,0.257575757575758,0.416666666666667,0.375,40.8200000000002,"ok",0.1,30,17,"noise"
"WGCNA",0.401069518716578,0.208208734632359,0.227272727272727,0.25,-0.0227272727272727,NA,NA,0.379999999999654,"ok",0.1,30,17,"noise"
"GENIE3",0.566844919786096,0.31875301155296,0.272727272727273,0.235294117647059,0.0374331550802139,0.545454545454545,NA,0.150000000000091,"ok",0.1,30,17,"noise"
"idopNetwork",0.6875,0.432102476596078,0.333333333333333,0.181818181818182,0.151515151515152,0.583333333333333,0.222222222222222,52.7800000000002,"ok",0.1,30,18,"noise"
"WGCNA",0.449197860962567,0.326134743908938,0.227272727272727,0.25,-0.0227272727272727,NA,NA,0.389999999999873,"ok",0.1,30,18,"noise"
"GENIE3",0.679812834224599,0.312462100337052,0.272727272727273,0.235294117647059,0.0374331550802139,0.636363636363636,NA,0.170000000000073,"ok",0.1,30,18,"noise"
"idopNetwork",0.810606060606061,0.570526994692711,0.416666666666667,0.159090909090909,0.257575757575758,0.833333333333333,0.636363636363636,46.8099999999999,"ok",0.1,30,19,"noise"
"WGCNA",0.371657754010695,0.195371632988088,0.181818181818182,0.264705882352941,-0.0828877005347594,NA,NA,0.349999999999909,"ok",0.1,30,19,"noise"
"GENIE3",0.657085561497326,0.391010024862996,0.409090909090909,0.191176470588235,0.217914438502674,0.681818181818182,NA,0.150000000000091,"ok",0.1,30,19,"noise"
"idopNetwork",0.736742424242424,0.559879673286335,0.583333333333333,0.113636363636364,0.46969696969697,0.75,0.777777777777778,57.8600000000001,"ok",0.1,30,20,"noise"
"WGCNA",0.481283422459893,0.260073976287854,0.227272727272727,0.25,-0.0227272727272727,NA,NA,0.340000000000146,"ok",0.1,30,20,"noise"
"GENIE3",0.692513368983957,0.380619033360206,0.409090909090909,0.191176470588235,0.217914438502674,0.681818181818182,NA,0.169999999999618,"ok",0.1,30,20,"noise"
"idopNetwork",0.831439393939394,0.456290848004089,0.583333333333333,0.113636363636364,0.46969696969697,0.75,0.454545454545455,50.6900000000001,"ok",0.15,30,1,"noise"
"WGCNA",0.433155080213904,0.235318223258955,0.272727272727273,0.235294117647059,0.0374331550802139,NA,NA,0.360000000000127,"ok",0.15,30,1,"noise"
"GENIE3",0.70855614973262,0.402387464364151,0.454545454545455,0.176470588235294,0.27807486631016,0.772727272727273,NA,0.170000000000073,"ok",0.15,30,1,"noise"
"idopNetwork",0.78219696969697,0.514934945942666,0.5,0.136363636363636,0.363636363636364,0.666666666666667,0.7,49.8500000000004,"ok",0.15,30,2,"noise"
"WGCNA",0.39572192513369,0.199743027129498,0.227272727272727,0.25,-0.0227272727272727,NA,NA,0.359999999999673,"ok",0.15,30,2,"noise"
"GENIE3",0.633021390374332,0.371928258050904,0.318181818181818,0.220588235294118,0.0975935828877005,0.636363636363636,NA,0.150000000000091,"ok",0.15,30,2,"noise"
"idopNetwork",0.648128342245989,0.468065840009564,0.470588235294118,0.163636363636364,0.306951871657754,0.411764705882353,0.666666666666667,68.3899999999999,"ok",0.15,30,3,"noise"
"WGCNA",0.377005347593583,0.198589183665559,0.181818181818182,0.264705882352941,-0.0828877005347594,NA,NA,0.360000000000127,"ok",0.15,30,3,"noise"
"GENIE3",0.631016042780749,0.385956681366805,0.318181818181818,0.220588235294118,0.0975935828877005,0.727272727272727,NA,0.139999999999873,"ok",0.15,30,3,"noise"
"idopNetwork",0.669507575757576,0.344921264322647,0.5,0.136363636363636,0.363636363636364,0.5,0.428571428571429,42.8499999999999,"ok",0.15,30,4,"noise"
"WGCNA",0.434491978609626,0.243862805265178,0.227272727272727,0.25,-0.0227272727272727,NA,NA,0.340000000000146,"ok",0.15,30,4,"noise"
"GENIE3",0.727272727272727,0.386323302084972,0.454545454545455,0.176470588235294,0.27807486631016,0.727272727272727,NA,0.139999999999873,"ok",0.15,30,4,"noise"
"idopNetwork",0.605347593582888,0.307254390772426,0.411764705882353,0.181818181818182,0.229946524064171,0.588235294117647,0.3,142.98,"ok",0.15,30,5,"noise"
"WGCNA",0.469251336898396,0.24364856576603,0.227272727272727,0.25,-0.0227272727272727,NA,NA,0.349999999999909,"ok",0.15,30,5,"noise"
"GENIE3",0.63168449197861,0.323304292895217,0.272727272727273,0.235294117647059,0.0374331550802139,0.681818181818182,NA,0.140000000000327,"ok",0.15,30,5,"noise"
"idopNetwork",0.706439393939394,0.384062804409236,0.5,0.136363636363636,0.363636363636364,0.5,0.625,45,"ok",0.15,30,6,"noise"
"WGCNA",0.450534759358289,0.252598086899437,0.181818181818182,0.264705882352941,-0.0828877005347594,NA,NA,0.349999999999909,"ok",0.15,30,6,"noise"
"GENIE3",0.686497326203209,0.349571936666148,0.409090909090909,0.191176470588235,0.217914438502674,0.681818181818182,NA,0.140000000000327,"ok",0.15,30,6,"noise"
"idopNetwork",0.616042780748663,0.441184288071109,0.352941176470588,0.2,0.152941176470588,0.470588235294118,0.875,48.46,"ok",0.15,30,7,"noise"
"WGCNA",0.446524064171123,0.225008942118774,0.272727272727273,0.235294117647059,0.0374331550802139,NA,NA,0.340000000000146,"ok",0.15,30,7,"noise"
"GENIE3",0.762700534759358,0.490639331940825,0.5,0.161764705882353,0.338235294117647,0.727272727272727,NA,0.139999999999873,"ok",0.15,30,7,"noise"
"idopNetwork",0.556149732620321,0.275237533889764,0.294117647058824,0.218181818181818,0.0759358288770054,0.352941176470588,0.285714285714286,170.85,"ok",0.15,30,8,"noise"
"WGCNA",0.383689839572192,0.223534884845818,0.227272727272727,0.25,-0.0227272727272727,NA,NA,0.349999999999909,"ok",0.15,30,8,"noise"
"GENIE3",0.663770053475936,0.407645089635506,0.363636363636364,0.205882352941176,0.157754010695187,0.727272727272727,NA,0.150000000000091,"ok",0.15,30,8,"noise"
"idopNetwork",0.71969696969697,0.498352233898751,0.5,0.136363636363636,0.363636363636364,0.5,0.5,45.2500000000005,"ok",0.15,30,9,"noise"
"WGCNA",0.42379679144385,0.297974681959249,0.227272727272727,0.25,-0.0227272727272727,NA,NA,0.349999999999454,"ok",0.15,30,9,"noise"
"GENIE3",0.73596256684492,0.48147601928089,0.363636363636364,0.205882352941176,0.157754010695187,0.727272727272727,NA,0.140000000000327,"ok",0.15,30,9,"noise"
"idopNetwork",0.754734848484849,0.529462643007958,0.5,0.136363636363636,0.363636363636364,0.666666666666667,0.555555555555556,62.0499999999993,"ok",0.15,30,10,"noise"
"WGCNA",0.415775401069519,0.205421020203547,0.136363636363636,0.279411764705882,-0.143048128342246,NA,NA,0.329999999999927,"ok",0.15,30,10,"noise"
"GENIE3",0.691844919786096,0.410262963524048,0.363636363636364,0.205882352941176,0.157754010695187,0.727272727272727,NA,0.160000000000764,"ok",0.15,30,10,"noise"
"idopNetwork",0.731060606060606,0.4351546342645,0.5,0.136363636363636,0.363636363636364,0.666666666666667,0.666666666666667,39.9700000000003,"ok",0.15,30,11,"noise"
"WGCNA",0.450534759358289,0.229201654683066,0.181818181818182,0.264705882352941,-0.0828877005347594,NA,NA,0.340000000000146,"ok",0.15,30,11,"noise"
"GENIE3",0.651737967914438,0.305985714085518,0.318181818181818,0.220588235294118,0.0975935828877005,0.636363636363636,NA,0.159999999999854,"ok",0.15,30,11,"noise"
"idopNetwork",0.640106951871658,0.440326436380599,0.411764705882353,0.181818181818182,0.229946524064171,0.529411764705882,0.7,116.389999999999,"ok",0.15,30,12,"noise"
"WGCNA",0.405080213903743,0.223974965273944,0.181818181818182,0.264705882352941,-0.0828877005347594,NA,NA,0.340000000000146,"ok",0.15,30,12,"noise"
"GENIE3",0.661096256684492,0.430323062378855,0.318181818181818,0.220588235294118,0.0975935828877005,0.681818181818182,NA,0.140000000000327,"ok",0.15,30,12,"noise"
"idopNetwork",0.558712121212121,0.252987315143955,0.333333333333333,0.181818181818182,0.151515151515152,0.25,0.25,18.3400000000001,"ok",0.15,30,13,"noise"
"WGCNA",0.394385026737968,0.208628569270767,0.227272727272727,0.25,-0.0227272727272727,NA,NA,0.340000000000146,"ok",0.15,30,13,"noise"
"GENIE3",0.689839572192513,0.363212854329024,0.5,0.161764705882353,0.338235294117647,0.681818181818182,NA,0.140000000000327,"ok",0.15,30,13,"noise"
"idopNetwork",0.733901515151515,0.427386767698546,0.416666666666667,0.159090909090909,0.257575757575758,0.5,0.666666666666667,63.0499999999993,"ok",0.15,30,14,"noise"
"WGCNA",0.402406417112299,0.199251131831298,0.181818181818182,0.264705882352941,-0.0828877005347594,NA,NA,0.350000000000364,"ok",0.15,30,14,"noise"
"GENIE3",0.651737967914438,0.420824057651746,0.363636363636364,0.205882352941176,0.157754010695187,0.636363636363636,NA,0.149999999999636,"ok",0.15,30,14,"noise"
"idopNetwork",0.642992424242424,0.307439352505488,0.416666666666667,0.159090909090909,0.257575757575758,0.583333333333333,0.571428571428571,57.8299999999999,"ok",0.15,30,15,"noise"
"WGCNA",0.459893048128342,0.24899805929286,0.181818181818182,0.264705882352941,-0.0828877005347594,NA,NA,0.340000000000146,"ok",0.15,30,15,"noise"
"GENIE3",0.678475935828877,0.332289652816832,0.318181818181818,0.220588235294118,0.0975935828877005,0.727272727272727,NA,0.159999999999854,"ok",0.15,30,15,"noise"
"idopNetwork",0.801136363636364,0.525359930951455,0.583333333333333,0.113636363636364,0.46969696969697,0.75,0.6,41.75,"ok",0.15,30,16,"noise"
"WGCNA",0.510695187165775,0.346230423069652,0.318181818181818,0.220588235294118,0.0975935828877005,NA,NA,0.329999999999927,"ok",0.15,30,16,"noise"
"GENIE3",0.697192513368984,0.391802800200023,0.5,0.161764705882353,0.338235294117647,0.727272727272727,NA,0.159999999999854,"ok",0.15,30,16,"noise"
"idopNetwork",0.6875,0.380131679562614,0.5,0.136363636363636,0.363636363636364,0.5,0.571428571428571,43.4699999999993,"ok",0.15,30,17,"noise"
"WGCNA",0.391711229946524,0.202721298850608,0.181818181818182,0.264705882352941,-0.0828877005347594,NA,NA,0.470000000000255,"ok",0.15,30,17,"noise"
"GENIE3",0.668449197860963,0.335726463394754,0.318181818181818,0.220588235294118,0.0975935828877005,0.590909090909091,NA,0.199999999999818,"ok",0.15,30,17,"noise"
"idopNetwork",0.731550802139037,0.427598585393032,0.529411764705882,0.145454545454545,0.383957219251337,0.588235294117647,0.333333333333333,115.52,"ok",0.15,30,18,"noise"
"WGCNA",0.417112299465241,0.225826941369235,0.181818181818182,0.264705882352941,-0.0828877005347594,NA,NA,0.340000000000146,"ok",0.15,30,18,"noise"
"GENIE3",0.695855614973262,0.450618212801212,0.363636363636364,0.205882352941176,0.157754010695187,0.727272727272727,NA,0.159999999999854,"ok",0.15,30,18,"noise"
"idopNetwork",0.820075757575758,0.591619785370179,0.5,0.136363636363636,0.363636363636364,0.75,0.4,40.3299999999999,"ok",0.15,30,19,"noise"
"WGCNA",0.401069518716578,0.223077205052697,0.181818181818182,0.264705882352941,-0.0828877005347594,NA,NA,0.359999999999673,"ok",0.15,30,19,"noise"
"GENIE3",0.687834224598931,0.417674708301985,0.363636363636364,0.205882352941176,0.157754010695187,0.636363636363636,NA,0.160000000000764,"ok",0.15,30,19,"noise"
"idopNetwork",0.754734848484848,0.416721305523338,0.5,0.136363636363636,0.363636363636364,0.666666666666667,0.555555555555556,48.5300000000007,"ok",0.15,30,20,"noise"
"WGCNA",0.478609625668449,0.337178916128793,0.272727272727273,0.235294117647059,0.0374331550802139,NA,NA,0.359999999999673,"ok",0.15,30,20,"noise"
"GENIE3",0.762032085561497,0.491067986455918,0.454545454545455,0.176470588235294,0.27807486631016,0.818181818181818,NA,0.140000000000327,"ok",0.15,30,20,"noise"
"idopNetwork",0.698395721925134,0.402372124737546,0.470588235294118,0.163636363636364,0.306951871657754,0.588235294117647,0.727272727272727,157.64,"ok",0.2,30,1,"noise"
"WGCNA",0.387700534759358,0.209231949464156,0.181818181818182,0.264705882352941,-0.0828877005347594,NA,NA,0.340000000000146,"ok",0.2,30,1,"noise"
"GENIE3",0.614973262032086,0.402911540390626,0.318181818181818,0.220588235294118,0.0975935828877005,0.590909090909091,NA,0.149999999999636,"ok",0.2,30,1,"noise"
"idopNetwork",0.710227272727273,0.554199410065252,0.416666666666667,0.159090909090909,0.257575757575758,0.5,0.625,39.1899999999996,"ok",0.2,30,2,"noise"
"WGCNA",0.454545454545455,0.240106822471254,0.227272727272727,0.25,-0.0227272727272727,NA,NA,0.340000000000146,"ok",0.2,30,2,"noise"
"GENIE3",0.704545454545455,0.398755340494792,0.318181818181818,0.220588235294118,0.0975935828877005,0.681818181818182,NA,0.130000000000109,"ok",0.2,30,2,"noise"
"idopNetwork",0.776515151515151,0.600903908399091,0.5,0.136363636363636,0.363636363636364,0.666666666666667,0.555555555555556,43.3299999999999,"ok",0.2,30,3,"noise"
"WGCNA",0.518716577540107,0.297473715055076,0.318181818181818,0.220588235294118,0.0975935828877005,NA,NA,0.340000000000146,"ok",0.2,30,3,"noise"
"GENIE3",0.664438502673797,0.321941841172348,0.363636363636364,0.205882352941176,0.157754010695187,0.636363636363636,NA,0.159999999999854,"ok",0.2,30,3,"noise"
"idopNetwork",0.632085561497326,0.409810137278887,0.411764705882353,0.181818181818182,0.229946524064171,0.411764705882353,0.571428571428571,38.2799999999997,"ok",0.2,30,4,"noise"
"WGCNA",0.459893048128342,0.242881922025297,0.272727272727273,0.235294117647059,0.0374331550802139,NA,NA,0.329999999999927,"ok",0.2,30,4,"noise"
"GENIE3",0.646390374331551,0.319476247949211,0.318181818181818,0.220588235294118,0.0975935828877005,0.727272727272727,NA,0.140000000000327,"ok",0.2,30,4,"noise"
"idopNetwork",0.727272727272727,0.460478960229822,0.5,0.136363636363636,0.363636363636364,0.583333333333333,0.625,36.1199999999999,"ok",0.2,30,5,"noise"
"WGCNA",0.422459893048128,0.209338533841285,0.181818181818182,0.264705882352941,-0.0828877005347594,NA,NA,0.329999999999927,"ok",0.2,30,5,"noise"
"GENIE3",0.695187165775401,0.447893934537181,0.5,0.161764705882353,0.338235294117647,0.772727272727273,NA,0.140000000000327,"ok",0.2,30,5,"noise"
"idopNetwork",0.5625,0.237312786895349,0.25,0.204545454545455,0.0454545454545455,0.416666666666667,0.333333333333333,44.0099999999993,"ok",0.2,30,6,"noise"
"WGCNA",0.467914438502674,0.239881875396198,0.181818181818182,0.264705882352941,-0.0828877005347594,NA,NA,0.350000000000364,"ok",0.2,30,6,"noise"
"GENIE3",0.689839572192513,0.37650880005277,0.409090909090909,0.191176470588235,0.217914438502674,0.727272727272727,NA,0.149999999999636,"ok",0.2,30,6,"noise"
"idopNetwork",0.59280303030303,0.344890938280034,0.333333333333333,0.181818181818182,0.151515151515152,0.416666666666667,0.333333333333333,44.0900000000001,"ok",0.2,30,7,"noise"
"WGCNA",0.39572192513369,0.224086434029575,0.227272727272727,0.25,-0.0227272727272727,NA,NA,0.329999999999927,"ok",0.2,30,7,"noise"
"GENIE3",0.677139037433155,0.326399267579944,0.318181818181818,0.220588235294118,0.0975935828877005,0.681818181818182,NA,0.139999999999418,"ok",0.2,30,7,"noise"
"idopNetwork",0.742424242424242,0.35861176859185,0.5,0.136363636363636,0.363636363636364,0.666666666666667,0.5,88.0600000000004,"ok",0.2,30,8,"noise"
"WGCNA",0.50668449197861,0.280833132985483,0.318181818181818,0.220588235294118,0.0975935828877005,NA,NA,0.350000000000364,"ok",0.2,30,8,"noise"
"GENIE3",0.657754010695187,0.329787015342578,0.318181818181818,0.220588235294118,0.0975935828877005,0.590909090909091,NA,0.119999999999891,"ok",0.2,30,8,"noise"
"idopNetwork",0.588068181818182,0.29439305771864,0.416666666666667,0.159090909090909,0.257575757575758,0.416666666666667,0.8,37.0100000000002,"ok",0.2,30,9,"noise"
"WGCNA",0.494652406417112,0.26761710624166,0.272727272727273,0.235294117647059,0.0374331550802139,NA,NA,0.329999999999927,"ok",0.2,30,9,"noise"
"GENIE3",0.675802139037433,0.313382044609216,0.363636363636364,0.205882352941176,0.157754010695187,0.636363636363636,NA,0.140000000000327,"ok",0.2,30,9,"noise"
"idopNetwork",0.607954545454545,0.259363075200967,0.25,0.204545454545455,0.0454545454545455,0.5,0.375,59.25,"ok",0.2,30,10,"noise"
"WGCNA",0.435828877005348,0.232318560201091,0.181818181818182,0.264705882352941,-0.0828877005347594,NA,NA,0.340000000000146,"ok",0.2,30,10,"noise"
"GENIE3",0.64572192513369,0.308521060629274,0.318181818181818,0.220588235294118,0.0975935828877005,0.681818181818182,NA,0.159999999999854,"ok",0.2,30,10,"noise"
"idopNetwork",0.736742424242424,0.496731817247858,0.5,0.136363636363636,0.363636363636364,0.583333333333333,0.5,40.8599999999997,"ok",0.2,30,11,"noise"
"WGCNA",0.406417112299465,0.20579390088608,0.181818181818182,0.264705882352941,-0.0828877005347594,NA,NA,0.350000000000364,"ok",0.2,30,11,"noise"
"GENIE3",0.664438502673797,0.323074461041148,0.363636363636364,0.205882352941176,0.157754010695187,0.772727272727273,NA,0.149999999999636,"ok",0.2,30,11,"noise"
"idopNetwork",0.714015151515152,0.594319517916436,0.5,0.136363636363636,0.363636363636364,0.5,0.571428571428571,27.9799999999996,"ok",0.2,30,12,"noise"
"WGCNA",0.451871657754011,0.251687952897848,0.318181818181818,0.220588235294118,0.0975935828877005,NA,NA,0.640000000000327,"ok",0.2,30,12,"noise"
"GENIE3",0.709224598930481,0.379293475899314,0.409090909090909,0.191176470588235,0.217914438502674,0.636363636363636,NA,0.220000000000255,"ok",0.2,30,12,"noise"
"idopNetwork",0.542245989304813,0.318859056554054,0.294117647058824,0.218181818181818,0.0759358288770054,0.294117647058824,0.4,78.5600000000004,"ok",0.2,30,13,"noise"
"WGCNA",0.43716577540107,0.241293456653344,0.318181818181818,0.220588235294118,0.0975935828877005,NA,NA,0.389999999999418,"ok",0.2,30,13,"noise"
"GENIE3",0.699197860962567,0.488406327136548,0.409090909090909,0.191176470588235,0.217914438502674,0.681818181818182,NA,0.160000000000764,"ok",0.2,30,13,"noise"
"idopNetwork",0.567379679144385,0.280557506427467,0.352941176470588,0.2,0.152941176470588,0.294117647058824,0.666666666666667,29.2400000000007,"ok",0.2,30,14,"noise"
"WGCNA",0.512032085561497,0.284778097026835,0.318181818181818,0.220588235294118,0.0975935828877005,NA,NA,0.319999999999709,"ok",0.2,30,14,"noise"
"GENIE3",0.739973262032086,0.48339477526214,0.454545454545455,0.176470588235294,0.27807486631016,0.681818181818182,NA,0.1899999999996,"ok",0.2,30,14,"noise"
"idopNetwork",0.71780303030303,0.539178901231231,0.583333333333333,0.113636363636364,0.46969696969697,0.5,0.714285714285714,32.4700000000003,"ok",0.2,30,15,"noise"
"WGCNA",0.491978609625668,0.299551586385065,0.318181818181818,0.220588235294118,0.0975935828877005,NA,NA,0.339999999999236,"ok",0.2,30,15,"noise"
"GENIE3",0.754010695187166,0.470774936381988,0.454545454545455,0.176470588235294,0.27807486631016,0.636363636363636,NA,0.160000000000764,"ok",0.2,30,15,"noise"
"idopNetwork",0.604166666666667,0.27738356494209,0.333333333333333,0.181818181818182,0.151515151515152,0.5,0.666666666666667,48.1000000000004,"ok",0.2,30,16,"noise"
"WGCNA",0.473262032085562,0.235267047082363,0.227272727272727,0.25,-0.0227272727272727,NA,NA,0.340000000000146,"ok",0.2,30,16,"noise"
"GENIE3",0.661096256684492,0.385404856385887,0.363636363636364,0.205882352941176,0.157754010695187,0.636363636363636,NA,0.139999999999418,"ok",0.2,30,16,"noise"
"idopNetwork",0.528409090909091,0.243341679489259,0.166666666666667,0.227272727272727,-0.0606060606060606,0.416666666666667,0.333333333333333,34.7299999999996,"ok",0.2,30,17,"noise"
"WGCNA",0.445187165775401,0.227089180430177,0.227272727272727,0.25,-0.0227272727272727,NA,NA,0.340000000000146,"ok",0.2,30,17,"noise"
"GENIE3",0.582887700534759,0.265816249464189,0.318181818181818,0.220588235294118,0.0975935828877005,0.5,NA,0.140000000000327,"ok",0.2,30,17,"noise"
"idopNetwork",0.552941176470588,0.322805802106289,0.294117647058824,0.218181818181818,0.0759358288770054,0.352941176470588,0.285714285714286,92.8900000000003,"ok",0.2,30,18,"noise"
"WGCNA",0.45855614973262,0.239116606987959,0.181818181818182,0.264705882352941,-0.0828877005347594,NA,NA,0.359999999999673,"ok",0.2,30,18,"noise"
"GENIE3",0.710561497326203,0.35975933839389,0.363636363636364,0.205882352941176,0.157754010695187,0.818181818181818,NA,0.1200000000008,"ok",0.2,30,18,"noise"
"idopNetwork",0.770833333333333,0.424645818342498,0.5,0.136363636363636,0.363636363636364,0.583333333333333,0.555555555555556,39.8900000000003,"ok",0.2,30,19,"noise"
"WGCNA",0.402406417112299,0.21626152135706,0.181818181818182,0.264705882352941,-0.0828877005347594,NA,NA,0.329999999999927,"ok",0.2,30,19,"noise"
"GENIE3",0.600267379679144,0.330349001732779,0.272727272727273,0.235294117647059,0.0374331550802139,0.590909090909091,NA,0.159999999999854,"ok",0.2,30,19,"noise"
"idopNetwork",0.621212121212121,0.289275539707201,0.416666666666667,0.159090909090909,0.257575757575758,0.416666666666667,0.333333333333333,43.1999999999998,"ok",0.2,30,20,"noise"
"WGCNA",0.443850267379679,0.233669976056673,0.227272727272727,0.25,-0.0227272727272727,NA,NA,0.350000000000364,"ok",0.2,30,20,"noise"
"GENIE3",0.611631016042781,0.314834916796011,0.363636363636364,0.205882352941176,0.157754010695187,0.636363636363636,NA,0.149999999999636,"ok",0.2,30,20,"noise"
"idopNetwork",0.776470588235294,0.511469354962048,0.470588235294118,0.163636363636364,0.306951871657754,0.764705882352941,0.4,235.97,"ok",0.05,15,1,"npos"
"WGCNA",0.447860962566845,0.249931812083453,0.227272727272727,0.25,-0.0227272727272727,NA,NA,0.329999999999927,"ok",0.05,15,1,"npos"
"GENIE3",0.627005347593583,0.360151661142441,0.272727272727273,0.235294117647059,0.0374331550802139,0.681818181818182,NA,0.0399999999999636,"ok",0.05,15,1,"npos"
"idopNetwork",0.631550802139037,0.373882415811662,0.411764705882353,0.181818181818182,0.229946524064171,0.470588235294118,0.6,65.8299999999999,"ok",0.05,15,2,"npos"
"WGCNA",0.397058823529412,0.193843706080097,0.181818181818182,0.264705882352941,-0.0828877005347594,NA,NA,0.329999999999927,"ok",0.05,15,2,"npos"
"GENIE3",0.618983957219251,0.357128020705241,0.272727272727273,0.235294117647059,0.0374331550802139,0.681818181818182,NA,0.0600000000004002,"ok",0.05,15,2,"npos"
"idopNetwork",0.6,0.316781946952427,0.352941176470588,0.2,0.152941176470588,0.470588235294118,0.444444444444444,79.1499999999996,"ok",0.05,15,3,"npos"
"WGCNA",0.45855614973262,0.230702991634526,0.181818181818182,0.264705882352941,-0.0828877005347594,NA,NA,0.380000000000109,"ok",0.05,15,3,"npos"
"GENIE3",0.616978609625668,0.3488816608882,0.363636363636364,0.205882352941176,0.157754010695187,0.636363636363636,NA,0.0599999999994907,"ok",0.05,15,3,"npos"
"idopNetwork",0.627807486631016,0.4316580324662,0.411764705882353,0.181818181818182,0.229946524064171,0.470588235294118,0.444444444444444,191.53,"ok",0.05,15,4,"npos"
"WGCNA",0.467914438502674,0.226681523191294,0.272727272727273,0.235294117647059,0.0374331550802139,NA,NA,0.329999999999927,"ok",0.05,15,4,"npos"
"GENIE3",0.54144385026738,0.264181860403645,0.272727272727273,0.235294117647059,0.0374331550802139,0.409090909090909,NA,0.0399999999999636,"ok",0.05,15,4,"npos"
"idopNetwork",0.686096256684492,0.419741807117862,0.470588235294118,0.163636363636364,0.306951871657754,0.588235294117647,0.454545454545455,117.45,"ok",0.05,15,5,"npos"
"WGCNA",0.386363636363636,0.195472062884809,0.227272727272727,0.25,-0.0227272727272727,NA,NA,0.329999999999927,"ok",0.05,15,5,"npos"
"GENIE3",0.579545454545455,0.290711225974667,0.227272727272727,0.25,-0.0227272727272727,0.5,NA,0.0600000000004002,"ok",0.05,15,5,"npos"
"idopNetwork",0.725378787878788,0.431381976827027,0.333333333333333,0.181818181818182,0.151515151515152,0.75,0.9,48.1300000000001,"ok",0.05,15,6,"npos"
"WGCNA",0.446524064171123,0.219216428537474,0.227272727272727,0.25,-0.0227272727272727,NA,NA,0.339999999999236,"ok",0.05,15,6,"npos"
"GENIE3",0.588903743315508,0.288673047041607,0.318181818181818,0.220588235294118,0.0975935828877005,0.590909090909091,NA,0.0500000000001819,"ok",0.05,15,6,"npos"
"idopNetwork",0.693516042780749,0.394793582563003,0.454545454545455,0.176470588235294,0.27807486631016,0.636363636363636,0.466666666666667,113.39,"ok",0.05,15,7,"npos"
"WGCNA",0.509358288770054,0.35189553016024,0.227272727272727,0.25,-0.0227272727272727,NA,NA,0.329999999999927,"ok",0.05,15,7,"npos"
"GENIE3",0.626336898395722,0.302207423873786,0.227272727272727,0.25,-0.0227272727272727,0.681818181818182,NA,0.0399999999999636,"ok",0.05,15,7,"npos"
"idopNetwork",0.663101604278075,0.451721237149908,0.411764705882353,0.181818181818182,0.229946524064171,0.588235294117647,0.545454545454545,113.67,"ok",0.05,15,8,"npos"
"WGCNA",0.540106951871658,0.27244528023092,0.318181818181818,0.220588235294118,0.0975935828877005,NA,NA,0.329999999999927,"ok",0.05,15,8,"npos"
"GENIE3",0.567513368983957,0.254284403555575,0.227272727272727,0.25,-0.0227272727272727,0.545454545454545,NA,0.0500000000001819,"ok",0.05,15,8,"npos"
"idopNetwork",0.680213903743315,0.494504357669503,0.529411764705882,0.145454545454545,0.383957219251337,0.588235294117647,0.6,82.5,"ok",0.05,15,9,"npos"
"WGCNA",0.482620320855615,0.251534158667785,0.227272727272727,0.25,-0.0227272727272727,NA,NA,0.329999999999927,"ok",0.05,15,9,"npos"
"GENIE3",0.600267379679144,0.293193101580983,0.227272727272727,0.25,-0.0227272727272727,0.590909090909091,NA,0.0500000000001819,"ok",0.05,15,9,"npos"
"idopNetwork",0.666666666666667,0.482954493119546,0.333333333333333,0.181818181818182,0.151515151515152,0.666666666666667,0.625,38.9399999999996,"ok",0.05,15,10,"npos"
"WGCNA",0.397058823529412,0.218742276578218,0.227272727272727,0.25,-0.0227272727272727,NA,NA,0.329999999999927,"ok",0.05,15,10,"npos"
"GENIE3",0.578208556149733,0.263477667654176,0.272727272727273,0.235294117647059,0.0374331550802139,0.545454545454545,NA,0.0500000000001819,"ok",0.05,15,10,"npos"
"idopNetwork",0.697326203208556,0.388826594093191,0.470588235294118,0.163636363636364,0.306951871657754,0.588235294117647,0.181818181818182,66.3599999999997,"ok",0.05,15,11,"npos"
"WGCNA",0.495989304812834,0.237911112364651,0.181818181818182,0.264705882352941,-0.0828877005347594,NA,NA,0.340000000000146,"ok",0.05,15,11,"npos"
"GENIE3",0.606283422459893,0.309892392169131,0.409090909090909,0.191176470588235,0.217914438502674,0.5,NA,0.0500000000001819,"ok",0.05,15,11,"npos"
"idopNetwork",0.639572192513369,0.338364761710361,0.411764705882353,0.181818181818182,0.229946524064171,0.529411764705882,0.363636363636364,153.08,"ok",0.05,15,12,"npos"
"WGCNA",0.385026737967914,0.193926207086471,0.181818181818182,0.264705882352941,-0.0828877005347594,NA,NA,0.369999999999891,"ok",0.05,15,12,"npos"
"GENIE3",0.563502673796791,0.343884994654377,0.272727272727273,0.235294117647059,0.0374331550802139,0.5,NA,0.0500000000001819,"ok",0.05,15,12,"npos"
"idopNetwork",0.603609625668449,0.382044606608867,0.318181818181818,0.220588235294118,0.0975935828877005,0.454545454545455,0.583333333333333,87.04,"ok",0.05,15,13,"npos"
"WGCNA",0.418449197860963,0.210851881288,0.227272727272727,0.25,-0.0227272727272727,NA,NA,0.380000000000109,"ok",0.05,15,13,"npos"
"GENIE3",0.588903743315508,0.294563976506949,0.272727272727273,0.235294117647059,0.0374331550802139,0.5,NA,0.0500000000001819,"ok",0.05,15,13,"npos"
"idopNetwork",0.723529411764706,0.43579853041009,0.470588235294118,0.163636363636364,0.306951871657754,0.705882352941177,0.692307692307692,84.3000000000002,"ok",0.05,15,14,"npos"
"WGCNA",0.415775401069519,0.202333834101318,0.181818181818182,0.264705882352941,-0.0828877005347594,NA,NA,0.369999999999891,"ok",0.05,15,14,"npos"
"GENIE3",0.538770053475936,0.287996097470256,0.227272727272727,0.25,-0.0227272727272727,0.590909090909091,NA,0.0499999999992724,"ok",0.05,15,14,"npos"
"idopNetwork",0.703743315508021,0.437358743857822,0.470588235294118,0.163636363636364,0.306951871657754,0.470588235294118,0.545454545454545,69.0900000000001,"ok",0.05,15,15,"npos"
"WGCNA",0.377005347593583,0.193785792250526,0.181818181818182,0.264705882352941,-0.0828877005347594,NA,NA,0.359999999999673,"ok",0.05,15,15,"npos"
"GENIE3",0.662433155080214,0.342408673807305,0.318181818181818,0.220588235294118,0.0975935828877005,0.772727272727273,NA,0.0500000000001819,"ok",0.05,15,15,"npos"
"idopNetwork",0.577540106951872,0.375919377208672,0.411764705882353,0.181818181818182,0.229946524064171,0.411764705882353,0.714285714285714,45.1899999999996,"ok",0.05,15,16,"npos"
"WGCNA",0.474598930481283,0.221180584126675,0.181818181818182,0.264705882352941,-0.0828877005347594,NA,NA,0.360000000000582,"ok",0.05,15,16,"npos"
"GENIE3",0.692513368983957,0.395443153721372,0.363636363636364,0.205882352941176,0.157754010695187,0.727272727272727,NA,0.0599999999994907,"ok",0.05,15,16,"npos"
"idopNetwork",0.586631016042781,0.307061236725152,0.352941176470588,0.2,0.152941176470588,0.470588235294118,0.4,163.87,"ok",0.05,15,17,"npos"
"WGCNA",0.560160427807487,0.280374081697794,0.318181818181818,0.220588235294118,0.0975935828877005,NA,NA,0.359999999999673,"ok",0.05,15,17,"npos"
"GENIE3",0.573529411764706,0.253446035887453,0.181818181818182,0.264705882352941,-0.0828877005347594,0.590909090909091,NA,0.0500000000001819,"ok",0.05,15,17,"npos"
"idopNetwork",0.741711229946524,0.49722123673962,0.470588235294118,0.163636363636364,0.306951871657754,0.764705882352941,0.642857142857143,173.58,"ok",0.05,15,18,"npos"
"WGCNA",0.498663101604278,0.238552361799486,0.318181818181818,0.220588235294118,0.0975935828877005,NA,NA,0.340000000000146,"ok",0.05,15,18,"npos"
"GENIE3",0.617647058823529,0.348486107599599,0.272727272727273,0.235294117647059,0.0374331550802139,0.590909090909091,NA,0.069999999999709,"ok",0.05,15,18,"npos"
"idopNetwork",0.683422459893048,0.443418855623036,0.411764705882353,0.181818181818182,0.229946524064171,0.588235294117647,0.363636363636364,165.33,"ok",0.05,15,19,"npos"
"WGCNA",0.477272727272727,0.230155755802203,0.272727272727273,0.235294117647059,0.0374331550802139,NA,NA,0.389999999999418,"ok",0.05,15,19,"npos"
"GENIE3",0.700534759358289,0.348747290661447,0.318181818181818,0.220588235294118,0.0975935828877005,0.681818181818182,NA,0.0500000000001819,"ok",0.05,15,19,"npos"
"idopNetwork",0.632085561497326,0.36334776214585,0.470588235294118,0.163636363636364,0.306951871657754,0.529411764705882,0.333333333333333,73.0799999999999,"ok",0.05,15,20,"npos"
"WGCNA",0.573529411764706,0.296609380549714,0.272727272727273,0.235294117647059,0.0374331550802139,NA,NA,0.350000000000364,"ok",0.05,15,20,"npos"
"GENIE3",0.616310160427808,0.281026698597733,0.318181818181818,0.220588235294118,0.0975935828877005,0.681818181818182,NA,0.0399999999999636,"ok",0.05,15,20,"npos"
"idopNetwork",0.829545454545455,0.552750408000215,0.583333333333333,0.113636363636364,0.46969696969697,0.75,0.5,42.1500000000005,"ok",0.05,20,1,"npos"
"WGCNA",0.533422459893048,0.331843512480979,0.318181818181818,0.220588235294118,0.0975935828877005,NA,NA,0.349999999999454,"ok",0.05,20,1,"npos"
"GENIE3",0.677807486631016,0.395784274987227,0.363636363636364,0.205882352941176,0.157754010695187,0.681818181818182,NA,0.0799999999999272,"ok",0.05,20,1,"npos"
"idopNetwork",0.697860962566845,0.504983428766192,0.470588235294118,0.163636363636364,0.306951871657754,0.529411764705882,0.7,40.5,"ok",0.05,20,2,"npos"
"WGCNA",0.49331550802139,0.232687667685466,0.272727272727273,0.235294117647059,0.0374331550802139,NA,NA,0.350000000000364,"ok",0.05,20,2,"npos"
"GENIE3",0.665106951871658,0.332989625922073,0.363636363636364,0.205882352941176,0.157754010695187,0.590909090909091,NA,0.089999999999236,"ok",0.05,20,2,"npos"
"idopNetwork",0.679144385026738,0.397180043309565,0.411764705882353,0.181818181818182,0.229946524064171,0.647058823529412,0.692307692307692,122.32,"ok",0.05,20,3,"npos"
"WGCNA",0.61096256684492,0.292793807063896,0.363636363636364,0.205882352941176,0.157754010695187,NA,NA,0.350000000000364,"ok",0.05,20,3,"npos"
"GENIE3",0.66644385026738,0.366687950043806,0.363636363636364,0.205882352941176,0.157754010695187,0.590909090909091,NA,0.0900000000001455,"ok",0.05,20,3,"npos"
"idopNetwork",0.768983957219251,0.470392420846015,0.470588235294118,0.163636363636364,0.306951871657754,0.705882352941177,0.357142857142857,161.07,"ok",0.05,20,4,"npos"
"WGCNA",0.49331550802139,0.255437541749665,0.227272727272727,0.25,-0.0227272727272727,NA,NA,0.3799999999992,"ok",0.05,20,4,"npos"
"GENIE3",0.697192513368984,0.400697072560242,0.409090909090909,0.191176470588235,0.217914438502674,0.727272727272727,NA,0.0799999999999272,"ok",0.05,20,4,"npos"
"idopNetwork",0.744318181818182,0.439689849820996,0.416666666666667,0.159090909090909,0.257575757575758,0.666666666666667,0.5,40.4300000000003,"ok",0.05,20,5,"npos"
"WGCNA",0.524064171122995,0.298886684569447,0.318181818181818,0.220588235294118,0.0975935828877005,NA,NA,0.3700000000008,"ok",0.05,20,5,"npos"
"GENIE3",0.685160427807487,0.354860151400005,0.363636363636364,0.205882352941176,0.157754010695187,0.590909090909091,NA,0.0799999999999272,"ok",0.05,20,5,"npos"
"idopNetwork",0.617424242424242,0.320855904087762,0.416666666666667,0.159090909090909,0.257575757575758,0.416666666666667,0.571428571428571,35.8500000000004,"ok",0.05,20,6,"npos"
"WGCNA",0.581550802139037,0.338060138665117,0.272727272727273,0.235294117647059,0.0374331550802139,NA,NA,0.3700000000008,"ok",0.05,20,6,"npos"
"GENIE3",0.663770053475936,0.380130156618466,0.363636363636364,0.205882352941176,0.157754010695187,0.636363636363636,NA,0.0799999999999272,"ok",0.05,20,6,"npos"
"idopNetwork",0.759469696969697,0.369173535018114,0.416666666666667,0.159090909090909,0.257575757575758,0.833333333333333,0.6,34.5,"ok",0.05,20,7,"npos"
"WGCNA",0.581550802139037,0.273741705544173,0.318181818181818,0.220588235294118,0.0975935828877005,NA,NA,0.369999999998981,"ok",0.05,20,7,"npos"
"GENIE3",0.524064171122995,0.234035011296419,0.136363636363636,0.279411764705882,-0.143048128342246,0.454545454545455,NA,0.100000000000364,"ok",0.05,20,7,"npos"
"idopNetwork",0.681818181818182,0.3256461477595,0.352941176470588,0.2,0.152941176470588,0.647058823529412,0.714285714285714,102.610000000001,"ok",0.05,20,8,"npos"
"WGCNA",0.39572192513369,0.205233554883055,0.227272727272727,0.25,-0.0227272727272727,NA,NA,0.3799999999992,"ok",0.05,20,8,"npos"
"GENIE3",0.661764705882353,0.410382874148351,0.363636363636364,0.205882352941176,0.157754010695187,0.636363636363636,NA,0.069999999999709,"ok",0.05,20,8,"npos"
"idopNetwork",0.642780748663102,0.394155661413882,0.470588235294118,0.163636363636364,0.306951871657754,0.470588235294118,0.555555555555556,50.25,"ok",0.05,20,9,"npos"
"WGCNA",0.411764705882353,0.2018919107671,0.181818181818182,0.264705882352941,-0.0828877005347594,NA,NA,0.389999999999418,"ok",0.05,20,9,"npos"
"GENIE3",0.553475935828877,0.276554000335889,0.318181818181818,0.220588235294118,0.0975935828877005,0.636363636363636,NA,0.0799999999999272,"ok",0.05,20,9,"npos"
"idopNetwork",0.787878787878788,0.570726266598813,0.5,0.136363636363636,0.363636363636364,0.666666666666667,0.8,50.7200000000012,"ok",0.05,20,10,"npos"
"WGCNA",0.454545454545455,0.330040725364233,0.318181818181818,0.220588235294118,0.0975935828877005,NA,NA,0.359999999998763,"ok",0.05,20,10,"npos"
"GENIE3",0.635695187165775,0.318217557522964,0.318181818181818,0.220588235294118,0.0975935828877005,0.681818181818182,NA,0.0799999999999272,"ok",0.05,20,10,"npos"
"idopNetwork",0.729166666666667,0.35178975715747,0.333333333333333,0.181818181818182,0.151515151515152,0.666666666666667,0.4,70.2000000000007,"ok",0.05,20,11,"npos"
"WGCNA",0.406417112299465,0.203483160788563,0.227272727272727,0.25,-0.0227272727272727,NA,NA,0.369999999998981,"ok",0.05,20,11,"npos"
"GENIE3",0.620989304812834,0.358188067328292,0.318181818181818,0.220588235294118,0.0975935828877005,0.727272727272727,NA,0.0799999999999272,"ok",0.05,20,11,"npos"
"idopNetwork",0.668449197860963,0.382884975738971,0.352941176470588,0.2,0.152941176470588,0.588235294117647,0.833333333333333,108.75,"ok",0.05,20,12,"npos"
"WGCNA",0.431818181818182,0.210598819831864,0.181818181818182,0.264705882352941,-0.0828877005347594,NA,NA,0.329999999999927,"ok",0.05,20,12,"npos"
"GENIE3",0.554812834224599,0.291462298362016,0.227272727272727,0.25,-0.0227272727272727,0.636363636363636,NA,0.069999999999709,"ok",0.05,20,12,"npos"
"idopNetwork",0.628877005347594,0.312417184178811,0.352941176470588,0.2,0.152941176470588,0.529411764705882,0.5,126.280000000001,"ok",0.05,20,13,"npos"
"WGCNA",0.474598930481283,0.247880969614751,0.227272727272727,0.25,-0.0227272727272727,NA,NA,0.359999999998763,"ok",0.05,20,13,"npos"
"GENIE3",0.600267379679144,0.278250704757581,0.272727272727273,0.235294117647059,0.0374331550802139,0.5,NA,0.0799999999999272,"ok",0.05,20,13,"npos"
"idopNetwork",0.566176470588235,0.279035782422429,0.363636363636364,0.205882352941176,0.157754010695187,0.454545454545455,0.333333333333333,93.9700000000012,"ok",0.05,20,14,"npos"
"WGCNA",0.453208556149733,0.227896871446747,0.227272727272727,0.25,-0.0227272727272727,NA,NA,0.349999999998545,"ok",0.05,20,14,"npos"
"GENIE3",0.608288770053476,0.312427595635862,0.318181818181818,0.220588235294118,0.0975935828877005,0.590909090909091,NA,0.0900000000001455,"ok",0.05,20,14,"npos"
"idopNetwork",0.750802139037433,0.420812973970865,0.529411764705882,0.145454545454545,0.383957219251337,0.647058823529412,0.384615384615385,68.7900000000009,"ok",0.05,20,15,"npos"
"WGCNA",0.485294117647059,0.33874012595832,0.227272727272727,0.25,-0.0227272727272727,NA,NA,0.349999999998545,"ok",0.05,20,15,"npos"
"GENIE3",0.669786096256685,0.370960373824895,0.454545454545455,0.176470588235294,0.27807486631016,0.590909090909091,NA,0.069999999999709,"ok",0.05,20,15,"npos"
"idopNetwork",0.836363636363636,0.517596738970269,0.529411764705882,0.145454545454545,0.383957219251337,0.764705882352941,0.705882352941177,106.67,"ok",0.05,20,16,"npos"
"WGCNA",0.470588235294118,0.24328481747476,0.227272727272727,0.25,-0.0227272727272727,NA,NA,0.350000000000364,"ok",0.05,20,16,"npos"
"GENIE3",0.661764705882353,0.356767491983755,0.318181818181818,0.220588235294118,0.0975935828877005,0.590909090909091,NA,0.069999999999709,"ok",0.05,20,16,"npos"
"idopNetwork",0.740106951871658,0.548031130696406,0.470588235294118,0.163636363636364,0.306951871657754,0.647058823529412,0.384615384615385,65.3899999999994,"ok",0.05,20,17,"npos"
"WGCNA",0.501336898395722,0.252642931590656,0.272727272727273,0.235294117647059,0.0374331550802139,NA,NA,0.3700000000008,"ok",0.05,20,17,"npos"
"GENIE3",0.576871657754011,0.336699870489401,0.272727272727273,0.235294117647059,0.0374331550802139,0.5,NA,0.100000000000364,"ok",0.05,20,17,"npos"
"idopNetwork",0.710227272727273,0.559033904422412,0.416666666666667,0.159090909090909,0.257575757575758,0.5,0.75,41.9100000000017,"ok",0.05,20,18,"npos"
"WGCNA",0.459893048128342,0.232817244606685,0.227272727272727,0.25,-0.0227272727272727,NA,NA,0.359999999998763,"ok",0.05,20,18,"npos"
"GENIE3",0.600267379679144,0.288822236559254,0.318181818181818,0.220588235294118,0.0975935828877005,0.590909090909091,NA,0.0799999999999272,"ok",0.05,20,18,"npos"
"idopNetwork",0.661931818181818,0.427860937301484,0.5,0.136363636363636,0.363636363636364,0.583333333333333,0.428571428571429,32.4300000000003,"ok",0.05,20,19,"npos"
"WGCNA",0.462566844919786,0.316974194724593,0.181818181818182,0.264705882352941,-0.0828877005347594,NA,NA,0.389999999999418,"ok",0.05,20,19,"npos"
"GENIE3",0.5975935828877,0.30168551972362,0.409090909090909,0.191176470588235,0.217914438502674,0.636363636363636,NA,0.069999999999709,"ok",0.05,20,19,"npos"
"idopNetwork",0.706951871657754,0.38871955129394,0.470588235294118,0.163636363636364,0.306951871657754,0.588235294117647,0.5,107.5,"ok",0.05,20,20,"npos"
"WGCNA",0.422459893048128,0.239620991083919,0.227272727272727,0.25,-0.0227272727272727,NA,NA,0.3700000000008,"ok",0.05,20,20,"npos"
"GENIE3",0.622326203208556,0.368084210351326,0.272727272727273,0.235294117647059,0.0374331550802139,0.5,NA,0.0799999999999272,"ok",0.05,20,20,"npos"
"idopNetwork",0.608901515151515,0.309763806410987,0.416666666666667,0.159090909090909,0.257575757575758,0.5,0.571428571428571,35.7299999999996,"ok",0.05,30,1,"npos"
"WGCNA",0.417112299465241,0.232760121152699,0.181818181818182,0.264705882352941,-0.0828877005347594,NA,NA,0.3799999999992,"ok",0.05,30,1,"npos"
"GENIE3",0.592245989304813,0.28388094881718,0.318181818181818,0.220588235294118,0.0975935828877005,0.636363636363636,NA,0.170000000000073,"ok",0.05,30,1,"npos"
"idopNetwork",0.723484848484849,0.419757110067186,0.416666666666667,0.159090909090909,0.257575757575758,0.833333333333333,0.6,53.0900000000001,"ok",0.05,30,2,"npos"
"WGCNA",0.445187165775401,0.231490611639611,0.272727272727273,0.235294117647059,0.0374331550802139,NA,NA,0.369999999998981,"ok",0.05,30,2,"npos"
"GENIE3",0.631016042780749,0.298864828260909,0.272727272727273,0.235294117647059,0.0374331550802139,0.590909090909091,NA,0.160000000001673,"ok",0.05,30,2,"npos"
"idopNetwork",0.693181818181818,0.370710340841393,0.416666666666667,0.159090909090909,0.257575757575758,0.583333333333333,0.666666666666667,46.6400000000012,"ok",0.05,30,3,"npos"
"WGCNA",0.411764705882353,0.298718361426253,0.227272727272727,0.25,-0.0227272727272727,NA,NA,0.359999999998763,"ok",0.05,30,3,"npos"
"GENIE3",0.589572192513369,0.357076918432918,0.227272727272727,0.25,-0.0227272727272727,0.545454545454545,NA,0.140000000001237,"ok",0.05,30,3,"npos"
"idopNetwork",0.713068181818182,0.457487359925708,0.5,0.136363636363636,0.363636363636364,0.583333333333333,0.333333333333333,32.1099999999988,"ok",0.05,30,4,"npos"
"WGCNA",0.482620320855615,0.231227820928719,0.272727272727273,0.235294117647059,0.0374331550802139,NA,NA,0.350000000000364,"ok",0.05,30,4,"npos"
"GENIE3",0.629010695187166,0.329580824291731,0.318181818181818,0.220588235294118,0.0975935828877005,0.590909090909091,NA,0.149999999999636,"ok",0.05,30,4,"npos"
"idopNetwork",0.674242424242424,0.333880815870844,0.416666666666667,0.159090909090909,0.257575757575758,0.583333333333333,0.5,35.4200000000001,"ok",0.05,30,5,"npos"
"WGCNA",0.478609625668449,0.222891414189148,0.227272727272727,0.25,-0.0227272727272727,NA,NA,0.369999999998981,"ok",0.05,30,5,"npos"
"GENIE3",0.647727272727273,0.371898019924007,0.363636363636364,0.205882352941176,0.157754010695187,0.590909090909091,NA,0.140000000001237,"ok",0.05,30,5,"npos"
"idopNetwork",0.698863636363636,0.463256020906404,0.416666666666667,0.159090909090909,0.257575757575758,0.666666666666667,0.625,28.9499999999989,"ok",0.05,30,6,"npos"
"WGCNA",0.466577540106952,0.232880397265172,0.227272727272727,0.25,-0.0227272727272727,NA,NA,0.360000000000582,"ok",0.05,30,6,"npos"
"GENIE3",0.61831550802139,0.323721048307663,0.318181818181818,0.220588235294118,0.0975935828877005,0.727272727272727,NA,0.159999999999854,"ok",0.05,30,6,"npos"
"idopNetwork",0.848484848484848,0.657499270248058,0.583333333333333,0.113636363636364,0.46969696969697,0.833333333333333,0.727272727272727,65.8599999999988,"ok",0.05,30,7,"npos"
"WGCNA",0.580213903743315,0.307836632665957,0.318181818181818,0.220588235294118,0.0975935828877005,NA,NA,0.390000000001237,"ok",0.05,30,7,"npos"
"GENIE3",0.670454545454545,0.363734719355131,0.318181818181818,0.220588235294118,0.0975935828877005,0.727272727272727,NA,0.149999999999636,"ok",0.05,30,7,"npos"
"idopNetwork",0.739583333333333,0.49497252026239,0.416666666666667,0.159090909090909,0.257575757575758,0.833333333333333,0.636363636363636,90.2700000000004,"ok",0.05,30,8,"npos"
"WGCNA",0.481283422459893,0.252400793215756,0.272727272727273,0.235294117647059,0.0374331550802139,NA,NA,0.359999999998763,"ok",0.05,30,8,"npos"
"GENIE3",0.598262032085562,0.325835423767128,0.318181818181818,0.220588235294118,0.0975935828877005,0.636363636363636,NA,0.140000000001237,"ok",0.05,30,8,"npos"
"idopNetwork",0.737689393939394,0.522108734533687,0.333333333333333,0.181818181818182,0.151515151515152,0.583333333333333,0.555555555555556,30.25,"ok",0.05,30,9,"npos"
"WGCNA",0.477272727272727,0.227702280404595,0.272727272727273,0.235294117647059,0.0374331550802139,NA,NA,0.3799999999992,"ok",0.05,30,9,"npos"
"GENIE3",0.665775401069519,0.344853183197055,0.318181818181818,0.220588235294118,0.0975935828877005,0.590909090909091,NA,0.170000000000073,"ok",0.05,30,9,"npos"
"idopNetwork",0.708333333333333,0.386488536068512,0.5,0.136363636363636,0.363636363636364,0.5,0.75,25.4099999999999,"ok",0.05,30,10,"npos"
"WGCNA",0.38903743315508,0.196191720112658,0.181818181818182,0.264705882352941,-0.0828877005347594,NA,NA,0.340000000000146,"ok",0.05,30,10,"npos"
"GENIE3",0.61831550802139,0.312330563419981,0.318181818181818,0.220588235294118,0.0975935828877005,0.681818181818182,NA,0.149999999999636,"ok",0.05,30,10,"npos"
"idopNetwork",0.725668449197861,0.423740938083535,0.529411764705882,0.145454545454545,0.383957219251337,0.764705882352941,0.5,159.309999999999,"ok",0.05,30,11,"npos"
"WGCNA",0.450534759358289,0.235001041847566,0.227272727272727,0.25,-0.0227272727272727,NA,NA,0.350000000000364,"ok",0.05,30,11,"npos"
"GENIE3",0.595588235294118,0.318030091404263,0.272727272727273,0.235294117647059,0.0374331550802139,0.636363636363636,NA,0.139999999999418,"ok",0.05,30,11,"npos"
"idopNetwork",0.75,0.591641963281251,0.5,0.136363636363636,0.363636363636364,0.666666666666667,0.333333333333333,59.8500000000004,"ok",0.05,30,12,"npos"
"WGCNA",0.479946524064171,0.247078058231596,0.227272727272727,0.25,-0.0227272727272727,NA,NA,0.3700000000008,"ok",0.05,30,12,"npos"
"GENIE3",0.628342245989305,0.373997241093332,0.227272727272727,0.25,-0.0227272727272727,0.545454545454545,NA,0.139999999999418,"ok",0.05,30,12,"npos"
"idopNetwork",0.751893939393939,0.365564765056021,0.416666666666667,0.159090909090909,0.257575757575758,0.666666666666667,0.6,55.6499999999996,"ok",0.05,30,13,"npos"
"WGCNA",0.421122994652406,0.20645923038315,0.181818181818182,0.264705882352941,-0.0828877005347594,NA,NA,0.359999999998763,"ok",0.05,30,13,"npos"
"GENIE3",0.574866310160428,0.260227734277887,0.227272727272727,0.25,-0.0227272727272727,0.727272727272727,NA,0.160000000001673,"ok",0.05,30,13,"npos"
"idopNetwork",0.656149732620321,0.434596075778637,0.470588235294118,0.163636363636364,0.306951871657754,0.529411764705882,0.5,69.1800000000003,"ok",0.05,30,14,"npos"
"WGCNA",0.552139037433155,0.36251126968196,0.318181818181818,0.220588235294118,0.0975935828877005,NA,NA,0.350000000000364,"ok",0.05,30,14,"npos"
"GENIE3",0.599598930481283,0.290961180855403,0.272727272727273,0.235294117647059,0.0374331550802139,0.5,NA,0.139999999999418,"ok",0.05,30,14,"npos"
"idopNetwork",0.667613636363636,0.399293440960904,0.5,0.136363636363636,0.363636363636364,0.583333333333333,0.714285714285714,40.8000000000011,"ok",0.05,30,15,"npos"
"WGCNA",0.401069518716578,0.198907475494554,0.227272727272727,0.25,-0.0227272727272727,NA,NA,0.329999999999927,"ok",0.05,30,15,"npos"
"GENIE3",0.560160427807487,0.347030250594997,0.227272727272727,0.25,-0.0227272727272727,0.454545454545455,NA,0.139999999999418,"ok",0.05,30,15,"npos"
"idopNetwork",0.628787878787879,0.297386013947623,0.333333333333333,0.181818181818182,0.151515151515152,0.5,0.285714285714286,26.7700000000004,"ok",0.05,30,16,"npos"
"WGCNA",0.43716577540107,0.222394783144354,0.227272727272727,0.25,-0.0227272727272727,NA,NA,0.329999999999927,"ok",0.05,30,16,"npos"
"GENIE3",0.699866310160428,0.405369259779366,0.363636363636364,0.205882352941176,0.157754010695187,0.681818181818182,NA,0.119999999998981,"ok",0.05,30,16,"npos"
"idopNetwork",0.778409090909091,0.531936210793002,0.583333333333333,0.113636363636364,0.46969696969697,0.666666666666667,0.444444444444444,37.0900000000001,"ok",0.05,30,17,"npos"
"WGCNA",0.386363636363636,0.193854568064302,0.181818181818182,0.264705882352941,-0.0828877005347594,NA,NA,0.350000000000364,"ok",0.05,30,17,"npos"
"GENIE3",0.497994652406417,0.253887413173079,0.227272727272727,0.25,-0.0227272727272727,0.363636363636364,NA,0.139999999999418,"ok",0.05,30,17,"npos"
"idopNetwork",0.725378787878788,0.463430340642165,0.333333333333333,0.181818181818182,0.151515151515152,0.666666666666667,0.4,44.1399999999994,"ok",0.05,30,18,"npos"
"WGCNA",0.427807486631016,0.215248041141154,0.227272727272727,0.25,-0.0227272727272727,NA,NA,0.350000000000364,"ok",0.05,30,18,"npos"
"GENIE3",0.57620320855615,0.265960137745919,0.227272727272727,0.25,-0.0227272727272727,0.454545454545455,NA,0.139999999999418,"ok",0.05,30,18,"npos"
"idopNetwork",0.703743315508021,0.546057052025341,0.470588235294118,0.163636363636364,0.306951871657754,0.588235294117647,0.545454545454545,170.380000000001,"ok",0.05,30,19,"npos"
"WGCNA",0.49331550802139,0.261925783582929,0.272727272727273,0.235294117647059,0.0374331550802139,NA,NA,0.340000000000146,"ok",0.05,30,19,"npos"
"GENIE3",0.688502673796791,0.440820250899215,0.363636363636364,0.205882352941176,0.157754010695187,0.590909090909091,NA,0.139999999999418,"ok",0.05,30,19,"npos"
"idopNetwork",0.660984848484848,0.3490152615397,0.333333333333333,0.181818181818182,0.151515151515152,0.666666666666667,0.5,55.4399999999987,"ok",0.05,30,20,"npos"
"WGCNA",0.517379679144385,0.36590870565566,0.318181818181818,0.220588235294118,0.0975935828877005,NA,NA,0.319999999999709,"ok",0.05,30,20,"npos"
"GENIE3",0.699197860962567,0.420632321835627,0.363636363636364,0.205882352941176,0.157754010695187,0.681818181818182,NA,0.140000000001237,"ok",0.05,30,20,"npos"
"idopNetwork",0.710227272727273,0.381336764803044,0.333333333333333,0.181818181818182,0.151515151515152,0.666666666666667,0.666666666666667,39.9200000000001,"ok",0.05,50,1,"npos"
"WGCNA",0.398395721925134,0.197610928300688,0.227272727272727,0.25,-0.0227272727272727,NA,NA,0.329999999999927,"ok",0.05,50,1,"npos"
"GENIE3",0.552807486631016,0.358081404354711,0.272727272727273,0.235294117647059,0.0374331550802139,0.545454545454545,NA,0.309999999999491,"ok",0.05,50,1,"npos"
"idopNetwork",0.729166666666667,0.451192851709474,0.416666666666667,0.159090909090909,0.257575757575758,0.666666666666667,0.4,57.6099999999988,"ok",0.05,50,2,"npos"
"WGCNA",0.387700534759358,0.194186741955883,0.181818181818182,0.264705882352941,-0.0828877005347594,NA,NA,0.340000000000146,"ok",0.05,50,2,"npos"
"GENIE3",0.562834224598931,0.273419823591145,0.227272727272727,0.25,-0.0227272727272727,0.5,NA,0.309999999999491,"ok",0.05,50,2,"npos"
"idopNetwork",0.785984848484848,0.386515931254682,0.5,0.136363636363636,0.363636363636364,0.833333333333333,0.181818181818182,51.0300000000007,"ok",0.05,50,3,"npos"
"WGCNA",0.390374331550802,0.199262632856065,0.227272727272727,0.25,-0.0227272727272727,NA,NA,0.329999999999927,"ok",0.05,50,3,"npos"
"GENIE3",0.657085561497326,0.32944409027846,0.318181818181818,0.220588235294118,0.0975935828877005,0.5,NA,0.299999999999272,"ok",0.05,50,3,"npos"
"idopNetwork",0.712121212121212,0.460334639807085,0.416666666666667,0.159090909090909,0.257575757575758,0.666666666666667,0.666666666666667,51.7199999999993,"ok",0.05,50,4,"npos"
"WGCNA",0.399732620320856,0.223137497242416,0.227272727272727,0.25,-0.0227272727272727,NA,NA,0.319999999999709,"ok",0.05,50,4,"npos"
"GENIE3",0.677139037433155,0.326273733508062,0.363636363636364,0.205882352941176,0.157754010695187,0.636363636363636,NA,0.320000000001528,"ok",0.05,50,4,"npos"
"idopNetwork",0.78219696969697,0.433555897449491,0.5,0.136363636363636,0.363636363636364,0.75,0.8,55.5599999999995,"ok",0.05,50,5,"npos"
"WGCNA",0.489304812834225,0.309715707166306,0.227272727272727,0.25,-0.0227272727272727,NA,NA,0.329999999999927,"ok",0.05,50,5,"npos"
"GENIE3",0.682486631016043,0.344732079221951,0.363636363636364,0.205882352941176,0.157754010695187,0.681818181818182,NA,0.319999999999709,"ok",0.05,50,5,"npos"
"idopNetwork",0.801136363636364,0.424644834018225,0.416666666666667,0.159090909090909,0.257575757575758,0.833333333333333,0.5,57.2800000000007,"ok",0.05,50,6,"npos"
"WGCNA",0.524064171122995,0.282218025517804,0.318181818181818,0.220588235294118,0.0975935828877005,NA,NA,0.329999999999927,"ok",0.05,50,6,"npos"
"GENIE3",0.671791443850267,0.38000311858032,0.318181818181818,0.220588235294118,0.0975935828877005,0.545454545454545,NA,0.309999999999491,"ok",0.05,50,6,"npos"
"idopNetwork",0.763257575757576,0.534193601465565,0.583333333333333,0.113636363636364,0.46969696969697,0.666666666666667,0.4,54.7199999999993,"ok",0.05,50,7,"npos"
"WGCNA",0.494652406417112,0.25136154814638,0.318181818181818,0.220588235294118,0.0975935828877005,NA,NA,0.329999999999927,"ok",0.05,50,7,"npos"
"GENIE3",0.635695187165775,0.333251016902269,0.318181818181818,0.220588235294118,0.0975935828877005,0.545454545454545,NA,0.309999999999491,"ok",0.05,50,7,"npos"
"idopNetwork",0.793560606060606,0.529798066619409,0.5,0.136363636363636,0.363636363636364,0.75,0.2,31.4899999999998,"ok",0.05,50,8,"npos"
"WGCNA",0.526737967914438,0.347993708777544,0.272727272727273,0.235294117647059,0.0374331550802139,NA,NA,0.340000000000146,"ok",0.05,50,8,"npos"
"GENIE3",0.629010695187166,0.314792700303138,0.409090909090909,0.191176470588235,0.217914438502674,0.5,NA,0.309999999999491,"ok",0.05,50,8,"npos"
"idopNetwork",0.678030303030303,0.330154882046165,0.416666666666667,0.159090909090909,0.257575757575758,0.583333333333333,0.75,67.7000000000007,"ok",0.05,50,9,"npos"
"WGCNA",0.514705882352941,0.280289491083172,0.272727272727273,0.235294117647059,0.0374331550802139,NA,NA,0.350000000000364,"ok",0.05,50,9,"npos"
"GENIE3",0.657754010695187,0.347207350362707,0.318181818181818,0.220588235294118,0.0975935828877005,0.681818181818182,NA,0.289999999999054,"ok",0.05,50,9,"npos"
"idopNetwork",0.761363636363636,0.48250223203069,0.333333333333333,0.181818181818182,0.151515151515152,0.666666666666667,0.545454545454545,38.6399999999994,"ok",0.05,50,10,"npos"
"WGCNA",0.512032085561497,0.349518403044393,0.272727272727273,0.235294117647059,0.0374331550802139,NA,NA,0.340000000000146,"ok",0.05,50,10,"npos"
"GENIE3",0.675802139037433,0.374919378414841,0.318181818181818,0.220588235294118,0.0975935828877005,0.681818181818182,NA,0.319999999999709,"ok",0.05,50,10,"npos"
"idopNetwork",0.78030303030303,0.496057160048488,0.416666666666667,0.159090909090909,0.257575757575758,0.75,0.636363636363636,103.559999999999,"ok",0.05,50,11,"npos"
"WGCNA",0.399732620320856,0.209016241123792,0.227272727272727,0.25,-0.0227272727272727,NA,NA,0.330000000001746,"ok",0.05,50,11,"npos"
"GENIE3",0.623663101604278,0.335953829549294,0.454545454545455,0.176470588235294,0.27807486631016,0.5,NA,0.309999999999491,"ok",0.05,50,11,"npos"
"idopNetwork",0.765151515151515,0.604477142825914,0.583333333333333,0.113636363636364,0.46969696969697,0.666666666666667,0.666666666666667,54.4699999999993,"ok",0.05,50,12,"npos"
"WGCNA",0.487967914438503,0.230398142118311,0.227272727272727,0.25,-0.0227272727272727,NA,NA,0.360000000000582,"ok",0.05,50,12,"npos"
"GENIE3",0.640374331550802,0.323258974391544,0.272727272727273,0.235294117647059,0.0374331550802139,0.636363636363636,NA,0.299999999999272,"ok",0.05,50,12,"npos"
"idopNetwork",0.748106060606061,0.566183000558123,0.5,0.136363636363636,0.363636363636364,0.75,0.3,46.1299999999992,"ok",0.05,50,13,"npos"
"WGCNA",0.482620320855615,0.275891664112654,0.227272727272727,0.25,-0.0227272727272727,NA,NA,0.340000000000146,"ok",0.05,50,13,"npos"
"GENIE3",0.638368983957219,0.389799020335414,0.272727272727273,0.235294117647059,0.0374331550802139,0.545454545454545,NA,0.329999999999927,"ok",0.05,50,13,"npos"
"idopNetwork",0.808712121212121,0.451539854261381,0.416666666666667,0.159090909090909,0.257575757575758,0.833333333333333,0.333333333333333,78.9300000000003,"ok",0.05,50,14,"npos"
"WGCNA",0.469251336898396,0.34281995298474,0.272727272727273,0.235294117647059,0.0374331550802139,NA,NA,0.319999999999709,"ok",0.05,50,14,"npos"
"GENIE3",0.676470588235294,0.367183950480425,0.363636363636364,0.205882352941176,0.157754010695187,0.545454545454545,NA,0.319999999999709,"ok",0.05,50,14,"npos"
"idopNetwork",0.765151515151515,0.603378319924493,0.416666666666667,0.159090909090909,0.257575757575758,0.666666666666667,0.7,59.8099999999995,"ok",0.05,50,15,"npos"
"WGCNA",0.415775401069519,0.201875891349731,0.181818181818182,0.264705882352941,-0.0828877005347594,NA,NA,0.350000000000364,"ok",0.05,50,15,"npos"
"GENIE3",0.618983957219251,0.30275118352194,0.227272727272727,0.25,-0.0227272727272727,0.727272727272727,NA,0.31000000000131,"ok",0.05,50,15,"npos"
"idopNetwork",0.676136363636364,0.446171326056772,0.416666666666667,0.159090909090909,0.257575757575758,0.583333333333333,0.5,40.2900000000009,"ok",0.05,50,16,"npos"
"WGCNA",0.467914438502674,0.221376765496196,0.227272727272727,0.25,-0.0227272727272727,NA,NA,0.350000000000364,"ok",0.05,50,16,"npos"
"GENIE3",0.623663101604278,0.357661944444302,0.363636363636364,0.205882352941176,0.157754010695187,0.590909090909091,NA,0.289999999999054,"ok",0.05,50,16,"npos"
"idopNetwork",0.794507575757576,0.474157539186626,0.416666666666667,0.159090909090909,0.257575757575758,0.833333333333333,0.636363636363636,57.5,"ok",0.05,50,17,"npos"
"WGCNA",0.402406417112299,0.309132827604422,0.227272727272727,0.25,-0.0227272727272727,NA,NA,0.340000000000146,"ok",0.05,50,17,"npos"
"GENIE3",0.627673796791444,0.304385993955538,0.318181818181818,0.220588235294118,0.0975935828877005,0.5,NA,0.319999999999709,"ok",0.05,50,17,"npos"
"idopNetwork",0.710227272727273,0.373409039526865,0.333333333333333,0.181818181818182,0.151515151515152,0.75,0.636363636363636,70.1599999999999,"ok",0.05,50,18,"npos"
"WGCNA",0.406417112299465,0.216093446719633,0.181818181818182,0.264705882352941,-0.0828877005347594,NA,NA,0.340000000000146,"ok",0.05,50,18,"npos"
"GENIE3",0.707219251336898,0.373495834481731,0.454545454545455,0.176470588235294,0.27807486631016,0.681818181818182,NA,0.329999999999927,"ok",0.05,50,18,"npos"
"idopNetwork",0.75,0.443890682350525,0.583333333333333,0.113636363636364,0.46969696969697,0.583333333333333,0.555555555555556,47.2600000000002,"ok",0.05,50,19,"npos"
"WGCNA",0.517379679144385,0.26814496591386,0.227272727272727,0.25,-0.0227272727272727,NA,NA,0.350000000000364,"ok",0.05,50,19,"npos"
"GENIE3",0.713235294117647,0.355841772998968,0.409090909090909,0.191176470588235,0.217914438502674,0.681818181818182,NA,0.309999999999491,"ok",0.05,50,19,"npos"
"idopNetwork",0.785984848484849,0.465891427279313,0.583333333333333,0.113636363636364,0.46969696969697,0.75,0.3,52.25,"ok",0.05,50,20,"npos"
"WGCNA",0.449197860962567,0.224950153165993,0.227272727272727,0.25,-0.0227272727272727,NA,NA,0.319999999999709,"ok",0.05,50,20,"npos"
"GENIE3",0.657754010695187,0.40231136833781,0.363636363636364,0.205882352941176,0.157754010695187,0.636363636363636,NA,0.319999999999709,"ok",0.05,50,20,"npos"
"idopNetwork",0.888257575757576,0.691911665138867,0.583333333333333,0.113636363636364,0.46969696969697,0.75,0.416666666666667,48.1299999999992,"ok",0.05,80,1,"npos"
"WGCNA",0.510695187165775,0.282922264946615,0.318181818181818,0.220588235294118,0.0975935828877005,NA,NA,0.340000000000146,"ok",0.05,80,1,"npos"
"GENIE3",0.710561497326203,0.437312360489486,0.409090909090909,0.191176470588235,0.217914438502674,0.636363636363636,NA,0.579999999999927,"ok",0.05,80,1,"npos"
"idopNetwork",0.721590909090909,0.316541978016427,0.333333333333333,0.181818181818182,0.151515151515152,0.666666666666667,0.363636363636364,67.0699999999997,"ok",0.05,80,2,"npos"
"WGCNA",0.482620320855615,0.243529094978313,0.272727272727273,0.235294117647059,0.0374331550802139,NA,NA,0.350000000000364,"ok",0.05,80,2,"npos"
"GENIE3",0.704545454545455,0.40094952019778,0.454545454545455,0.176470588235294,0.27807486631016,0.636363636363636,NA,0.590000000000146,"ok",0.05,80,2,"npos"
"idopNetwork",0.680871212121212,0.42288693801271,0.333333333333333,0.181818181818182,0.151515151515152,0.583333333333333,0.555555555555556,96.4499999999989,"ok",0.05,80,3,"npos"
"WGCNA",0.39572192513369,0.228207415788125,0.227272727272727,0.25,-0.0227272727272727,NA,NA,0.3700000000008,"ok",0.05,80,3,"npos"
"GENIE3",0.675133689839572,0.319667313263009,0.318181818181818,0.220588235294118,0.0975935828877005,0.636363636363636,NA,0.709999999999127,"ok",0.05,80,3,"npos"
"idopNetwork",0.776515151515152,0.471435171522391,0.5,0.136363636363636,0.363636363636364,0.75,0.6,63.5,"ok",0.05,80,4,"npos"
"WGCNA",0.457219251336898,0.307110388549501,0.181818181818182,0.264705882352941,-0.0828877005347594,NA,NA,0.350000000000364,"ok",0.05,80,4,"npos"
"GENIE3",0.677139037433155,0.41704276239748,0.318181818181818,0.220588235294118,0.0975935828877005,0.772727272727273,NA,0.539999999999054,"ok",0.05,80,4,"npos"
"idopNetwork",0.761363636363636,0.460751205724289,0.416666666666667,0.159090909090909,0.257575757575758,0.75,0.6,38.3600000000006,"ok",0.05,80,5,"npos"
"WGCNA",0.398395721925134,0.20303332097139,0.272727272727273,0.235294117647059,0.0374331550802139,NA,NA,0.340000000000146,"ok",0.05,80,5,"npos"
"GENIE3",0.589572192513369,0.366501479636261,0.227272727272727,0.25,-0.0227272727272727,0.5,NA,0.569999999999709,"ok",0.05,80,5,"npos"
"idopNetwork",0.734848484848485,0.436098946883564,0.25,0.204545454545455,0.0454545454545455,0.833333333333333,0.416666666666667,71.7199999999993,"ok",0.05,80,6,"npos"
"WGCNA",0.399732620320856,0.220088554590633,0.181818181818182,0.264705882352941,-0.0828877005347594,NA,NA,0.3700000000008,"ok",0.05,80,6,"npos"
"GENIE3",0.70120320855615,0.414114354736716,0.409090909090909,0.191176470588235,0.217914438502674,0.545454545454545,NA,0.569999999999709,"ok",0.05,80,6,"npos"
"idopNetwork",0.817234848484848,0.610080064721725,0.416666666666667,0.159090909090909,0.257575757575758,0.833333333333333,0.727272727272727,44.8799999999992,"ok",0.05,80,7,"npos"
"WGCNA",0.510695187165775,0.316098025956412,0.272727272727273,0.235294117647059,0.0374331550802139,NA,NA,0.340000000000146,"ok",0.05,80,7,"npos"
"GENIE3",0.60427807486631,0.356160009808874,0.227272727272727,0.25,-0.0227272727272727,0.545454545454545,NA,0.559999999999491,"ok",0.05,80,7,"npos"
"idopNetwork",0.695075757575758,0.45113481101246,0.333333333333333,0.181818181818182,0.151515151515152,0.5,0.625,63.7200000000012,"ok",0.05,80,8,"npos"
"WGCNA",0.383689839572192,0.196172902811718,0.181818181818182,0.264705882352941,-0.0828877005347594,NA,NA,0.340000000000146,"ok",0.05,80,8,"npos"
"GENIE3",0.542780748663102,0.263611522495781,0.181818181818182,0.264705882352941,-0.0828877005347594,0.636363636363636,NA,0.559999999999491,"ok",0.05,80,8,"npos"
"idopNetwork",0.740530303030303,0.569555932419855,0.5,0.136363636363636,0.363636363636364,0.583333333333333,0.5,28.8899999999994,"ok",0.05,80,9,"npos"
"WGCNA",0.455882352941176,0.243415119551493,0.181818181818182,0.264705882352941,-0.0828877005347594,NA,NA,0.360000000000582,"ok",0.05,80,9,"npos"
"GENIE3",0.681818181818182,0.420145205413083,0.272727272727273,0.235294117647059,0.0374331550802139,0.681818181818182,NA,0.589999999998327,"ok",0.05,80,9,"npos"
"idopNetwork",0.791666666666667,0.372949589857761,0.416666666666667,0.159090909090909,0.257575757575758,0.75,0.666666666666667,90.6400000000012,"ok",0.05,80,10,"npos"
"WGCNA",0.487967914438503,0.340370436336721,0.227272727272727,0.25,-0.0227272727272727,NA,NA,0.329999999999927,"ok",0.05,80,10,"npos"
"GENIE3",0.720588235294118,0.461309845585701,0.363636363636364,0.205882352941176,0.157754010695187,0.681818181818182,NA,0.579999999999927,"ok",0.05,80,10,"npos"
"idopNetwork",0.71969696969697,0.410711877286553,0.5,0.136363636363636,0.363636363636364,0.666666666666667,0.555555555555556,46.25,"ok",0.05,80,11,"npos"
"WGCNA",0.43048128342246,0.239193804388515,0.227272727272727,0.25,-0.0227272727272727,NA,NA,0.3799999999992,"ok",0.05,80,11,"npos"
"GENIE3",0.625,0.341805817507348,0.363636363636364,0.205882352941176,0.157754010695187,0.590909090909091,NA,0.579999999999927,"ok",0.05,80,11,"npos"
"idopNetwork",0.664772727272727,0.316350509342552,0.416666666666667,0.159090909090909,0.257575757575758,0.583333333333333,0.444444444444444,52.3199999999997,"ok",0.05,80,12,"npos"
"WGCNA",0.386363636363636,0.22053941570492,0.181818181818182,0.264705882352941,-0.0828877005347594,NA,NA,0.329999999999927,"ok",0.05,80,12,"npos"
"GENIE3",0.68048128342246,0.436269471986561,0.363636363636364,0.205882352941176,0.157754010695187,0.681818181818182,NA,0.549999999999272,"ok",0.05,80,12,"npos"
"idopNetwork",0.681818181818182,0.304478553823823,0.333333333333333,0.181818181818182,0.151515151515152,0.666666666666667,0.545454545454545,88.4200000000001,"ok",0.05,80,13,"npos"
"WGCNA",0.406417112299465,0.233953002587136,0.227272727272727,0.25,-0.0227272727272727,NA,NA,0.350000000000364,"ok",0.05,80,13,"npos"
"GENIE3",0.643048128342246,0.376548586113734,0.363636363636364,0.205882352941176,0.157754010695187,0.590909090909091,NA,0.590000000000146,"ok",0.05,80,13,"npos"
"idopNetwork",0.768939393939394,0.584964269443754,0.5,0.136363636363636,0.363636363636364,0.666666666666667,0.5,65.4000000000015,"ok",0.05,80,14,"npos"
"WGCNA",0.382352941176471,0.198199840256461,0.181818181818182,0.264705882352941,-0.0828877005347594,NA,NA,0.329999999999927,"ok",0.05,80,14,"npos"
"GENIE3",0.581550802139037,0.275394194116019,0.227272727272727,0.25,-0.0227272727272727,0.636363636363636,NA,0.589999999998327,"ok",0.05,80,14,"npos"
"idopNetwork",0.733901515151515,0.486223273907298,0.5,0.136363636363636,0.363636363636364,0.75,0.545454545454545,66.5900000000001,"ok",0.05,80,15,"npos"
"WGCNA",0.477272727272727,0.249744827053274,0.272727272727273,0.235294117647059,0.0374331550802139,NA,NA,0.329999999999927,"ok",0.05,80,15,"npos"
"GENIE3",0.719251336898396,0.397341243733127,0.409090909090909,0.191176470588235,0.217914438502674,0.727272727272727,NA,0.600000000000364,"ok",0.05,80,15,"npos"
"idopNetwork",0.708333333333333,0.392550033248808,0.5,0.136363636363636,0.363636363636364,0.666666666666667,0.625,53.5599999999995,"ok",0.05,80,16,"npos"
"WGCNA",0.435828877005348,0.22683124690074,0.181818181818182,0.264705882352941,-0.0828877005347594,NA,NA,0.329999999999927,"ok",0.05,80,16,"npos"
"GENIE3",0.650401069518717,0.356422125894309,0.318181818181818,0.220588235294118,0.0975935828877005,0.636363636363636,NA,0.559999999999491,"ok",0.05,80,16,"npos"
"idopNetwork",0.78030303030303,0.383754476593512,0.5,0.136363636363636,0.363636363636364,0.833333333333333,0.416666666666667,52.5900000000001,"ok",0.05,80,17,"npos"
"WGCNA",0.529411764705882,0.348260559772991,0.272727272727273,0.235294117647059,0.0374331550802139,NA,NA,0.350000000000364,"ok",0.05,80,17,"npos"
"GENIE3",0.637032085561497,0.312856441169592,0.363636363636364,0.205882352941176,0.157754010695187,0.5,NA,0.579999999999927,"ok",0.05,80,17,"npos"
"idopNetwork",0.731060606060606,0.46360468659416,0.333333333333333,0.181818181818182,0.151515151515152,0.666666666666667,0.4,89.2199999999993,"ok",0.05,80,18,"npos"
"WGCNA",0.498663101604278,0.259044144596431,0.181818181818182,0.264705882352941,-0.0828877005347594,NA,NA,0.340000000000146,"ok",0.05,80,18,"npos"
"GENIE3",0.71524064171123,0.48615234445482,0.409090909090909,0.191176470588235,0.217914438502674,0.681818181818182,NA,0.569999999999709,"ok",0.05,80,18,"npos"
"idopNetwork",0.643939393939394,0.297390173967203,0.333333333333333,0.181818181818182,0.151515151515152,0.583333333333333,0.375,49.5799999999999,"ok",0.05,80,19,"npos"
"WGCNA",0.457219251336898,0.249195262493237,0.227272727272727,0.25,-0.0227272727272727,NA,NA,0.329999999999927,"ok",0.05,80,19,"npos"
"GENIE3",0.669786096256685,0.415563305784441,0.363636363636364,0.205882352941176,0.157754010695187,0.454545454545455,NA,0.579999999999927,"ok",0.05,80,19,"npos"
"idopNetwork",0.765151515151515,0.52034288800897,0.5,0.136363636363636,0.363636363636364,0.666666666666667,0.4,62.7000000000007,"ok",0.05,80,20,"npos"
"WGCNA",0.394385026737968,0.239673475606606,0.227272727272727,0.25,-0.0227272727272727,NA,NA,0.350000000000364,"ok",0.05,80,20,"npos"
"GENIE3",0.600935828877005,0.323057869013818,0.318181818181818,0.220588235294118,0.0975935828877005,0.590909090909091,NA,0.579999999999927,"ok",0.05,80,20,"npos"
